y_reg_true,y_reg_pred,y_clf_true,y_clf_pred,y_clf_proba
0.397306397,0.39807972,0,0,3.2433834e-06
0.838383838,0.8396725,0,0,1.1845767e-06
0.868686869,0.8714807,0,0,1.7247977e-06
0.912457912,0.9127341,0,0,1.3388441e-06
0.777777778,0.7795563,1,1,0.999985
0.875420875,0.8712876,0,0,8.384455e-07
0.808080808,0.8076947,0,0,8.599042e-07
0.922558923,0.9227074,0,0,3.869452e-06
0.811447811,0.8104076,1,1,0.9804834
0.730639731,0.73069984,0,0,7.3853716e-06
0.707070707,0.7073693,0,0,2.064613e-06
0.730639731,0.7299442,1,1,0.9999865
0.828282828,0.8304748,0,0,3.4408906e-06
0.993265993,0.99410045,0,0,0.07059354
0.484848485,0.48997733,0,0,1.0120383e-06
0.872053872,0.87003714,0,0,8.88468e-07
0.71043771,0.70912856,0,0,0.00025129985
0.292929293,0.29225302,0,0,1.6744453e-06
0.838383838,0.83681995,1,1,0.99974316
0.676767677,0.6782777,0,0,1.1386326e-06
0.252525253,0.24696808,1,1,0.9999976
0.794612795,0.79664797,0,0,4.13488e-05
0.781144781,0.78366697,0,0,2.4901578e-06
0.393939394,0.40086368,1,1,0.99993885
0.976430976,0.97576714,0,0,1.093447e-06
0.851851852,0.85011524,0,0,1.9024063e-06
0.821548822,0.81953603,0,0,0.00039443406
0.777777778,0.7760449,1,1,0.9999745
0.101010101,0.095931314,0,0,3.7041522e-05
0.824915825,0.8262191,0,0,1.6762492e-06
0.932659933,0.9352184,0,0,1.2852523e-06
0.962962963,0.96264404,0,0,1.310038e-06
0.821548822,0.82231647,0,0,1.636512e-06
0.7003367,0.7016296,1,1,0.9999962
0.96969697,0.969946,0,0,1.251198e-06
0.518518519,0.519747,0,0,9.917334e-07
0.949494949,0.9505852,1,1,0.9994273
0.909090909,0.9070392,1,1,0.9999964
0.831649832,0.8339922,1,1,0.9999975
0.821548822,0.8195464,1,1,0.99999297
0.986531987,0.98885435,0,0,1.3051324e-06
0.781144781,0.78603214,0,0,7.4581567e-07
0.929292929,0.9303729,1,1,0.9999988
0.68013468,0.6761669,1,1,0.9999869
0.760942761,0.7595108,0,0,1.407417e-06
0.609427609,0.60777277,0,0,1.2716798e-06
0.632996633,0.6355635,0,0,1.6251414e-06
0.777777778,0.77760786,1,1,0.99999785
0.64983165,0.65091413,0,0,1.915264e-06
0.925925926,0.9260988,0,0,1.2265577e-06
0.673400673,0.6722649,0,0,1.4376664e-06
0.925925926,0.92893183,0,0,1.6024717e-06
0.922558923,0.92261463,0,0,1.0015995e-05
0.777777778,0.7783856,0,0,8.8960155e-07
0.723905724,0.7275318,0,0,7.8666477e-07
0.565656566,0.56712055,0,0,8.1362634e-07
0.71043771,0.7095164,1,1,0.99999166
0.612794613,0.61464703,0,0,2.643188e-06
0.801346801,0.8032563,1,1,0.9999981
0.626262626,0.6249442,0,0,1.4318183e-06
0.861952862,0.86350816,0,0,1.5518408e-06
0.511784512,0.5100411,1,1,0.99969935
0.111111111,0.11900393,0,0,1.4314223e-06
0.481481481,0.48575738,0,0,7.409446e-07
0.868686869,0.8731265,0,0,7.190061e-07
0.164983165,0.16612886,0,0,1.0430641e-06
0.754208754,0.7554357,0,0,8.5406225e-07
0.95959596,0.9586437,0,0,1.2226396e-06
0.723905724,0.7254499,0,0,1.6098869e-06
0.801346801,0.8000711,0,0,1.8265164e-05
0.922558923,0.92240965,0,0,0.0006344858
0.801346801,0.8026095,0,0,5.5798705e-07
0.861952862,0.8597166,1,1,0.9993175
0.875420875,0.87367606,0,0,9.368148e-07
0.875420875,0.8767268,0,0,2.3398616e-05
0.377104377,0.38346255,0,0,9.0130334e-07
0.956228956,0.9584871,1,1,0.99997365
0.804713805,0.80883616,0,0,7.959347e-06
0.781144781,0.7849656,1,1,0.9937775
0.939393939,0.9388934,0,0,3.2964485e-06
0.781144781,0.78170145,0,0,5.6750906e-07
0.932659933,0.934031,1,1,0.9999975
0.686868687,0.68711066,1,1,0.9999976
0.791245791,0.7855403,1,1,0.99998236
0.986531987,0.98802567,0,0,8.6459045e-07
0.558922559,0.56196845,0,0,2.9490366e-05
0.983164983,0.98410165,0,0,2.6882967e-06
0.814814815,0.8146286,0,0,6.452325e-07
0.478114478,0.47620967,0,0,4.0259765e-06
0.777777778,0.77633107,0,0,0.0002139718
0.973063973,0.9718288,1,1,0.9999839
0.993265993,0.99402815,0,0,1.187715e-05
0.956228956,0.95434076,1,1,0.9999869
0.62962963,0.6289429,0,0,1.4388734e-06
0.239057239,0.23506838,0,0,8.258128e-07
0.828282828,0.828633,0,0,1.927561e-06
0.986531987,0.9889684,0,0,8.760075e-07
0.740740741,0.74196374,0,0,9.559617e-07
0.730639731,0.73065746,0,0,1.6509808e-06
0.865319865,0.86642545,0,0,7.898884e-06
0.956228956,0.9543568,0,0,2.863642e-06
0.865319865,0.8677095,1,1,0.999984
0.95959596,0.9597805,0,0,3.2223386e-05
0.531986532,0.5324568,0,0,8.483174e-07
0.754208754,0.75501084,0,0,1.4684172e-06
0.996632997,0.99699795,1,1,0.9999889
0.454545455,0.45232192,1,1,0.9999981
0.579124579,0.57887495,0,0,1.8801907e-06
0.828282828,0.8285665,1,1,0.99999475
0.757575758,0.7562851,0,0,2.0171922e-06
0.902356902,0.9011487,1,1,0.9999981
0.494949495,0.49546203,1,1,0.9999988
0.841750842,0.8397875,0,0,2.841994e-06
0.585858586,0.58435124,0,0,8.228961e-07
0.875420875,0.8768698,1,1,0.9999622
0.936026936,0.9374112,0,0,7.2058133e-06
0.737373737,0.73393315,0,0,6.988926e-07
0.865319865,0.86457586,0,0,1.129636e-06
0.727272727,0.7277004,0,0,3.971593e-06
0.892255892,0.89257485,0,0,1.3237169e-06
0.915824916,0.9141758,0,0,2.3796586e-06
0.575757576,0.5756918,0,0,0.038035974
0.875420875,0.87864393,0,0,2.6168322e-05
0.885521886,0.8859044,0,0,1.1201729e-06
0.861952862,0.8649973,1,1,0.9999974
0.585858586,0.59012383,1,1,0.996372
0.848484848,0.8475617,0,0,5.251435e-07
0.925925926,0.9240855,0,0,1.2931035e-06
0.754208754,0.7556839,1,1,0.9999956
0.218855219,0.22779043,0,0,1.6969562e-06
0.919191919,0.91815096,1,1,0.99999595
0.875420875,0.87517786,0,0,1.1526886e-06
0.835016835,0.8353479,0,0,8.535542e-07
0.484848485,0.49172142,0,0,8.705792e-07
0.734006734,0.73422563,0,0,1.077114e-06
0.784511785,0.7854171,0,0,8.315725e-07
0.868686869,0.86692053,0,0,1.028874e-06
0.831649832,0.83188206,0,0,1.4332569e-06
0.956228956,0.9568661,1,1,0.9966607
0.760942761,0.7624012,1,1,0.9996006
0.919191919,0.91563326,0,0,0.0015476369
0.878787879,0.8748079,1,1,0.99999857
0.767676768,0.7662835,0,0,6.1110522e-06
0.784511785,0.786236,0,0,9.720526e-07
0.838383838,0.8409966,0,0,2.4744813e-06
0.797979798,0.7995803,1,1,0.9999976
0.515151515,0.51564044,0,0,8.713591e-07
0.595959596,0.5959035,0,0,1.0871511e-06
0.7003367,0.69605345,0,0,1.3352623e-06
0.730639731,0.7355919,0,0,8.479907e-07
0.343434343,0.34361506,0,0,1.0540286e-06
0.38047138,0.384749,0,0,4.643547e-06
0.949494949,0.9475797,1,1,0.99949074
0.242424242,0.2458346,0,0,1.8415752e-06
0.942760943,0.944531,0,0,3.4047102e-06
0.835016835,0.8340527,0,0,6.439496e-07
0.98989899,0.99090487,0,0,1.0090931e-05
0.956228956,0.95823234,0,0,8.974761e-07
0.676767677,0.6800402,0,0,2.2032461e-06
0.138047138,0.14010465,1,1,0.99999547
0.777777778,0.7798184,0,0,9.001556e-07
0.808080808,0.8092159,0,0,1.0046358e-06
0.966329966,0.96669954,0,0,1.6548966e-06
0.966329966,0.967267,0,0,9.754924e-07
0.929292929,0.93030655,1,1,0.99999726
0.535353535,0.5368649,1,1,0.9999752
0.276094276,0.27745044,0,0,2.098118e-06
0.764309764,0.76406866,1,1,0.99998593
0.868686869,0.86695236,0,0,6.6409234e-07
0.996632997,0.99633914,1,1,0.9943129
0.154882155,0.15560329,0,0,0.0013016609
0.01010101,0.008476312,0,0,9.670559e-07
0.286195286,0.288539,0,0,6.83091e-06
0.703703704,0.7050541,1,1,0.99998903
0.892255892,0.89399064,1,1,0.999972
0.548821549,0.553176,0,0,1.7483773e-06
0.915824916,0.9182198,0,0,3.5547268e-06
0.777777778,0.77723545,0,0,7.0424846e-07
0.96969697,0.9678492,0,0,1.0065875e-06
0.811447811,0.8141702,0,0,4.11811e-06
0.835016835,0.83552146,1,1,0.99999666
0.848484848,0.8517036,0,0,7.159776e-07
0.898989899,0.8974828,0,0,7.660534e-07
0.599326599,0.6005709,0,0,3.7088394e-05
0.949494949,0.95223635,0,0,6.807491e-07
0.872053872,0.87216073,1,1,0.99999344
0.481481481,0.48321834,0,0,9.836732e-07
0.828282828,0.83261913,0,0,8.579244e-07
0.757575758,0.75605994,0,0,0.12586391
0.188552189,0.18989232,1,1,0.9999949
0.727272727,0.7240627,0,0,4.3685795e-06
0.942760943,0.9415664,0,0,1.5176673e-06
0.831649832,0.8345537,0,0,1.2149369e-06
0.764309764,0.76417726,1,1,0.99443144
0.828282828,0.8224576,0,0,1.9827999e-06
0.868686869,0.8685936,0,0,8.2851295e-07
0.548821549,0.54908645,0,0,1.7326533e-06
0.872053872,0.8726816,0,0,1.3035625e-06
0.898989899,0.89888376,0,0,9.4214124e-07
0.966329966,0.9666738,1,1,0.99999595
0.885521886,0.8852301,1,1,0.9999783
0.373737374,0.38230973,1,1,0.99999666
0.936026936,0.9345456,0,0,1.6462028e-06
0.909090909,0.9089801,0,0,7.0555666e-07
0.814814815,0.81574,0,0,1.4045382e-06
0.915824916,0.91336757,0,0,3.4837824e-06
0.612794613,0.60827166,1,1,0.9999784
0.966329966,0.9666774,1,1,0.99949944
0.683501684,0.6822412,0,0,3.2657554e-06
0.434343434,0.435936,1,1,0.99999094
0.885521886,0.88587815,1,1,0.9999894
0.804713805,0.8064816,0,0,1.5108958e-06
0.861952862,0.86089617,0,0,1.1876897e-06
0.824915825,0.82178366,0,0,2.3770051e-05
0.973063973,0.97139573,0,0,1.9478252e-06
0.848484848,0.8493394,1,1,0.9999758
0.663299663,0.66316104,0,0,8.4106745e-07
0.808080808,0.80885506,1,1,0.96284443
0.915824916,0.91410697,1,1,0.9999652
0.562289562,0.5591742,1,1,0.9623917
0.801346801,0.79864496,1,1,0.9999268
0.865319865,0.8662881,1,1,0.99999094
0.966329966,0.9662974,0,0,7.3938105e-07
0.750841751,0.753714,1,1,0.9999598
0.215488215,0.21397115,0,0,0.012570488
0.676767677,0.6733134,1,1,0.9999763
0.464646465,0.4657538,1,1,0.9999975
0.414141414,0.39766216,0,0,1.6544088e-06
0.797979798,0.79669416,0,0,1.9674599e-06
0.851851852,0.8528521,1,1,0.9924367
0.939393939,0.9387792,0,0,5.4521174e-06
0.885521886,0.8858694,1,1,0.9999963
0.861952862,0.86073726,0,0,5.040786e-07
0.922558923,0.9215232,1,1,0.9999927
0.939393939,0.9397601,0,0,3.5193627e-06
0.491582492,0.49304852,1,1,0.9999976
0.494949495,0.49797764,0,0,8.182062e-06
0.983164983,0.9819275,0,0,1.31666e-06
0.491582492,0.49290225,0,0,4.1048256e-06
0.976430976,0.97545546,0,0,9.441047e-07
0.838383838,0.83900416,0,0,2.2067159e-06
0.616161616,0.62028605,0,0,2.126341e-06
0.882154882,0.88030493,1,1,0.9999987
0.828282828,0.8294594,0,0,9.192798e-07
0.595959596,0.6005904,1,1,0.999998
0.865319865,0.8639431,1,1,0.9999969
0.818181818,0.8157653,0,0,1.0863841e-06
0.447811448,0.44899836,0,0,1.2825806e-06
0.794612795,0.79725707,0,0,8.303418e-07
0.606060606,0.60159475,0,0,3.2933879e-06
0.922558923,0.92139333,1,1,0.99999785
0.824915825,0.82789934,0,0,5.6967264e-07
0.750841751,0.74913204,1,1,0.9999976
0.501683502,0.5023679,1,1,0.99999213
0.848484848,0.8497038,0,0,8.05759e-05
0.663299663,0.66413075,1,1,0.9999949
0.983164983,0.9824371,0,0,3.8951025e-06
0.750841751,0.75027263,0,0,2.5325839e-05
0.595959596,0.59646785,0,0,1.4475237e-06
0.696969697,0.6941372,1,1,0.999998
0.888888889,0.8866617,0,0,6.1320397e-06
0.599326599,0.6005709,1,1,0.9999844
0.96969697,0.9711389,0,0,1.5245771e-05
0.107744108,0.106718466,0,0,0.00044830106
0.764309764,0.7662162,1,1,0.9997938
0.64983165,0.6487884,0,0,8.2308674e-07
0.831649832,0.8327803,0,0,1.1521776e-06
0.95959596,0.96002537,1,1,0.9999186
0.882154882,0.8814473,1,1,0.9999974
0.868686869,0.869819,1,1,0.9999988
0.683501684,0.6863235,1,1,0.9999919
0.505050505,0.50300705,0,0,1.6816452e-06
0.552188552,0.55193853,0,0,1.12867e-06
0.929292929,0.92987096,0,0,1.2725654e-06
0.542087542,0.5401682,0,0,9.031334e-07
0.821548822,0.8186593,1,1,0.9999914
0.713804714,0.7129948,1,1,0.99999356
0.296296296,0.2954618,0,0,1.2531302e-06
0.821548822,0.82022697,0,0,0.00010961096
0.286195286,0.2777962,0,0,9.087076e-07
0.538720539,0.5383642,0,0,4.2460815e-06
0.336700337,0.33363488,0,0,2.506072e-06
0.474747475,0.4722669,0,0,6.385241e-07
0.808080808,0.8053576,0,0,2.7965008e-05
0.821548822,0.8225764,1,1,0.99997234
0.855218855,0.85571134,0,0,6.753981e-06
0.95959596,0.9605155,0,0,1.3356023e-06
0.579124579,0.57914376,0,0,9.660779e-07
0.740740741,0.7406499,1,1,0.99999833
0.804713805,0.8052939,1,1,0.9999962
0.804713805,0.80629015,1,1,0.9999974
0.851851852,0.85310394,1,1,0.99998224
0.814814815,0.8132034,0,0,2.1752155e-06
0.744107744,0.74411565,0,0,2.546168e-06
0.606060606,0.60260344,1,1,0.9998634
0.239057239,0.24279086,0,0,6.7668047e-06
0.96969697,0.9684301,0,0,1.1853937e-06
0.851851852,0.85201824,1,1,0.9999989
0.821548822,0.82021284,0,0,2.0000092e-05
0.818181818,0.8185759,0,0,1.7822082e-06
0.973063973,0.9709798,0,0,1.1845292e-06
0.983164983,0.9862403,1,1,0.99899787
0.882154882,0.88089776,0,0,9.4785764e-07
0.781144781,0.78101766,0,0,1.5238559e-06
0.303030303,0.29912856,0,0,7.373802e-05
0.794612795,0.7934945,0,0,1.4099588e-06
0.98989899,0.9905492,0,0,2.1937e-06
0.909090909,0.90866226,0,0,0.023964249
0.64983165,0.64904696,1,1,0.99999
0.915824916,0.91747814,1,1,0.9997886
0.764309764,0.7673534,0,0,7.436282e-07
0.851851852,0.85545665,0,0,9.993829e-07
0.96969697,0.96761334,0,0,1.5751766e-05
0.868686869,0.8718235,0,0,0.018318903
0.831649832,0.8321239,0,0,1.2724271e-06
0.915824916,0.91584814,1,1,0.99999785
0.754208754,0.75352156,0,0,1.2576294e-06
0.663299663,0.662547,0,0,1.1313523e-06
0.946127946,0.9441065,0,0,2.9060982e-05
0.902356902,0.9017923,1,1,0.99999607
0.841750842,0.84048307,0,0,2.8403222e-06
0.95959596,0.95895505,0,0,7.0015216e-07
0.912457912,0.9140307,0,0,1.7230813e-06
0.804713805,0.8031578,0,0,2.96046e-05
0.505050505,0.50457644,0,0,2.9706762e-06
0.730639731,0.73233205,1,1,0.9999956
0.966329966,0.9650657,1,1,0.9999939
0.801346801,0.8042287,0,0,1.5673298e-06
0.892255892,0.89211076,0,0,1.18469125e-05
0.808080808,0.8044996,1,1,0.99999404
0.895622896,0.8942,0,0,1.0158985e-05
0.622895623,0.62384737,1,1,0.99998796
0.919191919,0.91828007,0,0,1.0304766e-06
0.444444444,0.4437292,1,1,0.9999976
0.64983165,0.65164256,0,0,1.2645338e-06
0.878787879,0.88040704,0,0,1.3900097e-06
0.777777778,0.77986205,0,0,1.6613529e-06
0.973063973,0.9718119,0,0,5.2625523e-06
0.966329966,0.96723866,0,0,3.8984135e-06
0.865319865,0.863021,1,1,0.99998415
0.915824916,0.91519237,1,1,0.99998736
0.764309764,0.76631343,0,0,4.1614203e-07
0.797979798,0.79888076,0,0,2.5266597e-06
0.838383838,0.84069777,0,0,2.5345732e-06
0.518518519,0.51892895,1,1,0.99998724
0.693602694,0.69760215,0,0,2.6661605e-06
0.888888889,0.8884748,0,0,1.0926746e-06
0.494949495,0.49698344,1,1,0.99999666
0.838383838,0.8388442,0,0,8.4505047e-07
0.814814815,0.81289315,0,0,1.922958e-06
0.787878788,0.78891796,1,1,0.9999459
0.420875421,0.42198876,1,1,0.9999951
0.973063973,0.97318864,0,0,8.476099e-07
0.835016835,0.83578324,0,0,0.03518211
0.858585859,0.8555774,1,1,0.99952793
0.976430976,0.977073,1,1,0.9999858
0.774410774,0.773268,1,1,0.999741
0.956228956,0.95773315,0,0,0.006131862
0.373737374,0.37107486,0,0,1.3192442e-06
0.922558923,0.9243438,0,0,8.997557e-07
0.902356902,0.9014208,1,1,0.9999311
0.804713805,0.8060867,0,0,1.885995e-06
0.996632997,0.9966676,0,0,1.2408161e-06
0.811447811,0.8111282,1,1,0.99999714
0.727272727,0.72738385,0,0,1.4301902e-06
0.636363636,0.6374334,0,0,5.3379217e-06
0.171717172,0.17647043,1,1,0.9999914
0.804713805,0.80174315,0,0,6.4807176e-07
0.750841751,0.7507172,0,0,8.311562e-07
0.824915825,0.8249934,1,1,0.9999981
0.656565657,0.65128976,1,1,0.9999988
0.707070707,0.70789546,0,0,1.1809536e-06
0.69023569,0.6875713,1,1,0.9999896
0.599326599,0.6008583,0,0,1.7774894e-06
0.353535354,0.35651386,1,1,0.99990344
0.754208754,0.75470525,1,1,0.9999918
0.744107744,0.74189436,0,0,1.0007649e-06
0.962962963,0.9623534,0,0,9.147315e-05
0.885521886,0.88590306,1,1,0.9999547
0.835016835,0.8352154,1,1,0.9999975
0.7003367,0.696206,0,0,8.556773e-07
0.740740741,0.7412044,0,0,4.510589e-05
0.723905724,0.7230145,0,0,4.714109e-06
0.95959596,0.9589673,1,1,0.99855417
0.952861953,0.9502499,0,0,1.6020575e-06
0.542087542,0.5387507,0,0,2.2276881e-05
0.794612795,0.79209036,0,0,7.9126426e-07
1.0,0.99985933,1,1,0.9999529
0.96969697,0.96922344,1,1,0.99973255
0.875420875,0.8773148,1,1,0.99999523
0.952861953,0.9516268,0,0,5.5867613e-06
0.962962963,0.96136653,1,1,0.9998062
0.808080808,0.81083155,1,1,0.9999124
0.478114478,0.47540617,0,0,4.6413247e-06
0.28956229,0.28451917,0,0,1.3053415e-06
0.868686869,0.86722267,0,0,1.2934205e-06
0.851851852,0.85124356,0,0,3.722778e-07
0.96969697,0.9704672,1,1,0.99330586
0.804713805,0.8013098,0,0,7.525535e-06
0.777777778,0.77633107,0,0,8.0270223e-07
0.808080808,0.8047345,0,0,1.4617149e-06
0.925925926,0.9275149,0,0,7.199921e-07
0.505050505,0.5045497,0,0,8.165265e-07
0.774410774,0.7755351,0,0,6.2465815e-06
0.818181818,0.81927264,0,0,1.7579525e-06
0.797979798,0.80018115,0,0,9.1943315e-07
0.767676768,0.76600564,1,1,0.99996436
0.956228956,0.95414037,1,1,0.9999852
0.878787879,0.8772031,0,0,6.583661e-06
0.313131313,0.30863586,0,0,0.0002035892
0.976430976,0.9747649,0,0,8.380663e-06
0.787878788,0.7879492,0,0,3.2002179e-06
0.811447811,0.80973685,0,0,1.2307256e-06
0.69023569,0.6922409,1,1,0.999997
0.764309764,0.7665957,0,0,8.967643e-07
0.67003367,0.6677651,0,0,8.922533e-07
0.939393939,0.9387792,0,0,8.419069e-07
0.811447811,0.8128356,0,0,4.130167e-05
0.929292929,0.92898405,0,0,8.931148e-07
0.858585859,0.85816526,0,0,3.726623e-05
0.966329966,0.9656304,0,0,0.05393992
0.895622896,0.8950938,0,0,1.3064797e-06
0.851851852,0.85127926,0,0,3.973665e-06
0.922558923,0.92240965,0,0,7.2197514e-07
0.68013468,0.67927885,1,1,0.9999833
0.868686869,0.8665171,0,0,1.0469507e-06
0.912457912,0.9132668,0,0,2.957667e-06
0.973063973,0.97373694,1,1,0.9999968
0.683501684,0.6819434,0,0,1.090583e-06
0.781144781,0.783324,0,0,1.177537e-06
0.993265993,0.99473834,0,0,2.6236269e-06
0.094276094,0.0938297,1,1,0.9999975
0.673400673,0.6739666,0,0,1.5277425e-06
0.707070707,0.70691836,1,1,0.99998045
0.427609428,0.4222866,1,1,0.9999862
0.919191919,0.9203342,0,0,3.360596e-06
0.28956229,0.2888745,0,0,1.0282149e-06
0.552188552,0.5556049,1,1,0.9999665
0.771043771,0.7713867,0,0,2.2793342e-06
0.828282828,0.8288867,1,1,0.9999895
0.861952862,0.86198527,0,0,7.6055386e-07
0.942760943,0.94426954,0,0,5.910144e-07
0.868686869,0.8693505,0,0,1.644204e-06
0.905723906,0.90292746,1,1,0.99999607
0.983164983,0.98312205,1,1,0.999992
0.976430976,0.97665966,0,0,1.9221934e-06
0.962962963,0.96433586,1,1,0.9999274
0.410774411,0.40406597,0,0,1.2837688e-06
0.808080808,0.8102565,0,0,1.3026639e-06
0.932659933,0.93356556,0,0,5.991147e-07
0.868686869,0.8710111,1,1,0.99999833
0.595959596,0.5955654,0,0,8.6488984e-07
0.538720539,0.54071003,1,1,0.9999976
0.96969697,0.9716647,0,0,6.9385135e-07
0.272727273,0.2773531,0,0,0.021554416
0.185185185,0.19443999,0,0,3.8356034e-06
0.32996633,0.33107758,0,0,6.589656e-05
0.771043771,0.76843345,1,1,0.9999831
0.865319865,0.86465406,0,0,1.1924325e-06
0.973063973,0.9721009,1,1,0.96338797
0.98989899,0.99000627,1,1,0.99999726
0.508417508,0.5082405,1,1,0.9997845
0.858585859,0.8574412,0,0,6.759386e-07
0.777777778,0.77568644,0,0,2.3094794e-06
0.851851852,0.85190344,1,1,0.99998724
0.771043771,0.77181953,0,0,5.016294e-06
0.612794613,0.6120425,0,0,1.8892046e-06
0.882154882,0.8782423,0,0,1.8281436e-06
0.905723906,0.9074203,0,0,7.0259955e-07
0.696969697,0.69911456,0,0,2.9808275e-06
0.882154882,0.88330805,0,0,1.1551635e-06
0.734006734,0.73513997,0,0,1.3765462e-06
0.922558923,0.92223686,0,0,1.1422195e-06
0.545454545,0.5537713,0,0,9.4806376e-07
0.811447811,0.81095105,1,1,0.999985
0.279461279,0.2853144,0,0,7.2914503e-07
0.824915825,0.8222982,0,0,7.797327e-07
0.821548822,0.82266665,0,0,1.3380795e-06
0.868686869,0.86933744,0,0,6.1984866e-07
0.946127946,0.94512063,0,0,0.0032965967
0.97979798,0.9804242,0,0,8.670552e-07
0.824915825,0.8278313,0,0,1.1559051e-06
0.835016835,0.83273274,0,0,9.0512094e-07
0.666666667,0.66856813,0,0,0.00016666915
0.919191919,0.919144,0,0,1.1743252e-06
0.676767677,0.6778368,0,0,2.2976649e-06
0.767676768,0.7650683,0,0,1.1073506e-06
0.946127946,0.9454973,0,0,1.4047084e-06
0.814814815,0.8141328,0,0,1.4595474e-06
0.666666667,0.6685443,0,0,1.4145596e-06
0.835016835,0.835494,0,0,8.222795e-07
0.875420875,0.87408066,1,1,0.99999654
0.892255892,0.8933537,0,0,8.922533e-07
0.787878788,0.7919529,0,0,9.2270875e-07
0.646464646,0.6467122,1,1,0.99193126
0.902356902,0.90370584,0,0,1.2709749e-05
0.831649832,0.8291864,0,0,1.535812e-06
0.7003367,0.69813,0,0,1.4309651e-06
0.919191919,0.9180841,0,0,1.0970851e-06
0.868686869,0.8675563,0,0,1.9001754e-05
0.993265993,0.99450105,1,1,0.99999726
0.875420875,0.8759983,0,0,1.7665571e-06
0.919191919,0.9177546,0,0,2.2115164e-05
0.865319865,0.8655976,1,1,0.999967
0.932659933,0.93177986,0,0,1.9190998e-06
0.932659933,0.93321013,0,0,2.3228233e-06
0.898989899,0.9010656,0,0,2.0087725e-06
0.410774411,0.41307485,1,1,0.9999087
0.269360269,0.26405647,1,1,0.9999777
0.616161616,0.6179983,1,1,0.9999976
0.936026936,0.93638927,0,0,1.4625124e-06
0.683501684,0.68271,0,0,9.940343e-07
0.888888889,0.8875817,0,0,2.5735833e-06
0.767676768,0.7680818,0,0,2.8358265e-06
0.737373737,0.7382788,0,0,7.243377e-06
0.808080808,0.80825764,0,0,1.1662961e-06
0.946127946,0.94602114,1,1,0.9999913
0.562289562,0.5604785,0,0,1.3934673e-06
0.996632997,0.9963599,0,0,7.062615e-07
0.993265993,0.9930928,0,0,0.0002564721
0.545454545,0.5398267,0,0,1.1695328e-06
0.262626263,0.26097476,0,0,1.2207976e-06
0.942760943,0.9420167,0,0,8.272029e-06
0.777777778,0.7750373,1,1,0.9995901
0.505050505,0.50491923,0,0,3.487145e-07
0.882154882,0.882182,0,0,1.8297079e-06
0.781144781,0.7795337,0,0,1.0011515e-06
0.720538721,0.72100496,0,0,8.230507e-07
0.915824916,0.91432863,0,0,1.0169387e-06
0.835016835,0.83515614,0,0,8.9151666e-07
0.861952862,0.8644908,0,0,4.5559686e-05
0.824915825,0.82444745,0,0,8.0029673e-07
0.905723906,0.90696007,1,1,0.9999981
0.801346801,0.799275,0,0,3.1664747e-06
0.555555556,0.5529934,0,0,7.6250476e-06
0.885521886,0.8861084,1,1,0.99999714
0.835016835,0.8335586,0,0,6.297149e-07
0.996632997,0.9971474,0,0,9.386929e-07
0.478114478,0.4803393,0,0,8.4245306e-07
0.653198653,0.65896034,0,0,9.1863217e-07
0.949494949,0.9494949,0,0,2.539768e-06
0.882154882,0.8820636,1,1,0.9987148
0.663299663,0.6633717,0,0,1.1764629e-06
0.723905724,0.7235274,0,0,2.1762946e-06
0.868686869,0.8664356,0,0,8.925095e-07
0.686868687,0.68888175,1,1,0.99998844
0.929292929,0.9282505,0,0,7.465956e-07
0.505050505,0.50810593,0,0,1.651836e-06
0.31986532,0.31621504,0,0,0.06935743
0.878787879,0.8786045,0,0,1.0276923e-06
0.535353535,0.5409558,0,0,7.673776e-07
0.767676768,0.7672903,1,1,0.99997103
0.986531987,0.98677266,1,1,0.99999785
0.919191919,0.916363,1,1,0.99999416
0.878787879,0.87740374,0,0,9.678807e-07
1.0,1.000612,1,1,0.9999938
0.666666667,0.66484374,0,0,9.377167e-07
0.683501684,0.68393224,1,1,0.9999937
0.932659933,0.93122745,0,0,1.1326391e-06
0.814814815,0.81370676,1,1,0.9999957
0.228956229,0.23543549,0,0,5.500135e-07
0.693602694,0.6955384,0,0,1.6922343e-06
0.794612795,0.79601246,1,1,0.9999881
0.636363636,0.63949126,0,0,1.0929873e-06
0.851851852,0.8513355,1,1,0.9999951
0.986531987,0.98423874,0,0,2.8843353e-06
0.121212121,0.12408043,0,0,8.165912e-07
0.747474747,0.7461638,0,0,3.9863385e-06
0.575757576,0.57452846,0,0,1.2209035e-06
0.511784512,0.51000303,0,0,4.250143e-05
0.777777778,0.7771903,0,0,2.0575114e-06
0.787878788,0.7919953,0,0,1.123272e-06
0.498316498,0.4978925,0,0,5.7737856e-07
0.279461279,0.27136365,0,0,1.0896205e-06
0.622895623,0.62471086,1,1,0.9999945
0.474747475,0.4723582,1,1,0.99999666
0.740740741,0.7383119,1,1,0.99996734
0.393939394,0.39988968,0,0,2.5789936e-06
0.565656566,0.56858593,0,0,2.754302e-05
0.737373737,0.73775786,1,1,0.999882
0.835016835,0.8353646,1,1,0.999967
0.946127946,0.94545835,0,0,2.0685884e-06
0.7003367,0.6970741,0,0,1.2406893e-05
0.387205387,0.39087576,0,0,4.7366634e-06
0.71043771,0.70886075,0,0,1.2536609e-06
0.962962963,0.9620772,1,1,0.999987
0.575757576,0.5700873,1,1,0.99833196
0.717171717,0.7191216,0,0,9.632894e-07
0.912457912,0.914141,0,0,3.1044362e-06
0.28956229,0.28470835,1,1,0.999959
0.851851852,0.8511432,1,1,0.99997866
0.925925926,0.92933404,0,0,0.0010715338
0.98989899,0.990902,1,1,0.99992263
0.97979798,0.9816669,1,1,0.99999297
0.28956229,0.29103678,1,1,0.9998809
0.518518519,0.52011305,0,0,1.989566e-06
0.696969697,0.69683623,1,1,0.99999857
0.949494949,0.9479393,0,0,4.477841e-05
0.851851852,0.8548263,1,1,0.99767846
0.848484848,0.8490797,1,1,0.9999969
0.488215488,0.49172962,0,0,0.0002470724
0.794612795,0.7968197,0,0,1.372984e-06
0.336700337,0.33849904,0,0,1.4429932e-06
0.845117845,0.8448644,1,1,0.9750691
0.717171717,0.7197114,0,0,7.958869e-07
0.818181818,0.817774,0,0,1.6881062e-06
0.801346801,0.79807556,1,1,0.9999968
0.552188552,0.5498756,0,0,9.1797006e-07
0.686868687,0.6891365,1,1,0.9999968
0.488215488,0.48864192,1,1,0.99999857
0.740740741,0.74082285,1,1,0.9999746
0.801346801,0.8019884,1,1,0.9999819
0.824915825,0.824771,1,1,0.9999529
0.784511785,0.78277504,0,0,2.1061371e-06
0.919191919,0.9203674,1,1,0.9999317
0.915824916,0.91506624,0,0,7.36951e-07
1.0,0.99946547,0,0,7.696489e-07
0.606060606,0.6059285,1,1,0.9999969
0.276094276,0.26961052,0,0,1.2597985e-06
0.774410774,0.7743023,1,1,0.9998184
0.764309764,0.76426435,1,1,0.9999951
0.794612795,0.7924141,0,0,0.00017821878
0.538720539,0.5402816,0,0,3.6349143e-06
0.831649832,0.83341426,0,0,1.9150905e-06
0.7003367,0.6993692,0,0,3.1630009e-06
0.966329966,0.9670578,0,0,3.5454466e-06
0.801346801,0.800374,0,0,1.7576241e-06
0.831649832,0.8307343,0,0,1.6491192e-06
0.696969697,0.6941111,0,0,1.2205403e-06
0.922558923,0.9237603,0,0,1.1005253e-06
0.757575758,0.75696176,0,0,2.8468198e-06
0.949494949,0.94796276,0,0,5.1075826e-06
0.875420875,0.87673044,0,0,1.2569878e-06
0.855218855,0.85246044,0,0,4.2305887e-06
0.673400673,0.67410755,1,1,0.99999535
0.37037037,0.37584102,0,0,8.045355e-07
0.764309764,0.7612013,0,0,1.0963362e-06
0.218855219,0.222574,0,0,1.1371687e-06
0.98989899,0.9889496,1,1,0.99669856
0.707070707,0.7077804,0,0,3.208426e-06
0.922558923,0.92171675,1,1,0.9999186
0.929292929,0.9294819,1,1,0.9999987
0.905723906,0.9074587,1,1,0.99782604
0.915824916,0.9162083,1,1,0.99997294
0.909090909,0.90779114,0,0,6.7962435e-07
0.942760943,0.9433795,0,0,2.451713e-06
0.878787879,0.87737656,0,0,1.3040773e-06
0.915824916,0.9138887,1,1,0.99998343
0.528619529,0.5287588,0,0,1.7584622e-06
0.865319865,0.8679114,1,1,0.99997616
0.774410774,0.7725909,0,0,1.3794017e-06
0.666666667,0.66724867,0,0,1.4929232e-06
0.713804714,0.710426,0,0,1.2143681e-06
0.811447811,0.81317073,0,0,1.1955206e-06
0.420875421,0.41824615,0,0,0.018795904
0.845117845,0.8456916,1,1,0.99997175
0.892255892,0.88981915,0,0,7.532992e-07
0.316498316,0.31586218,0,0,0.0002504777
0.771043771,0.7684,0,0,5.761322e-07
0.68013468,0.68299186,0,0,1.601697e-06
0.750841751,0.7500979,0,0,3.370832e-06
0.663299663,0.6613829,1,1,0.9999567
0.909090909,0.9110225,0,0,1.3643804e-05
0.723905724,0.720851,0,0,1.3444046e-06
0.595959596,0.5973069,1,1,0.9999987
0.723905724,0.72464913,1,1,0.9998934
0.781144781,0.77990633,0,0,9.2091886e-07
0.707070707,0.70482093,0,0,7.053252e-06
0.471380471,0.4700546,0,0,4.8188962e-05
0.771043771,0.7702617,0,0,8.26417e-07
0.760942761,0.7617118,0,0,9.1283425e-07
0.343434343,0.3385888,0,0,8.5543417e-07
0.481481481,0.47985768,0,0,6.475886e-07
0.430976431,0.43391117,0,0,9.902742e-07
0.774410774,0.7763425,0,0,2.9398495e-06
0.518518519,0.5146087,0,0,1.955281e-06
0.811447811,0.8114168,0,0,2.1790609e-06
0.518518519,0.5202606,1,1,0.99998856
0.774410774,0.7741587,0,0,2.17433e-06
0.95959596,0.9616158,0,0,6.851402e-07
0.707070707,0.7075288,0,0,8.758622e-07
0.69023569,0.6911517,0,0,6.9591165e-06
0.760942761,0.75895,0,0,2.8194174e-06
0.929292929,0.92819244,0,0,8.794395e-07
0.373737374,0.38350308,0,0,1.8843175e-06
0.922558923,0.92027164,1,1,0.9999795
0.737373737,0.73703426,1,1,0.99999785
0.080808081,0.08810453,0,0,3.1334398e-06
0.96969697,0.9671776,1,1,0.99999785
0.323232323,0.32242277,1,1,0.99999774
0.868686869,0.86787003,0,0,2.090319e-06
0.595959596,0.59877765,0,0,8.8921394e-07
0.060606061,0.063363366,0,0,1.043212e-05
0.245791246,0.2402672,1,1,0.99998736
0.872053872,0.87216496,0,0,2.0745367e-05
0.98989899,0.99150294,0,0,1.946631e-06
0.367003367,0.37210274,0,0,5.679146e-07
0.498316498,0.4944482,0,0,1.8552244e-06
0.885521886,0.88595146,0,0,1.9876259e-06
0.922558923,0.9232813,0,0,7.8387444e-07
0.929292929,0.93026775,0,0,0.06897421
0.872053872,0.87299556,0,0,2.3679656e-06
0.915824916,0.9166058,0,0,7.269424e-05
0.98989899,0.9878325,0,0,1.1093028e-06
0.865319865,0.8630728,1,1,0.99999833
0.579124579,0.57912606,1,1,0.9999001
0.888888889,0.8877919,1,1,0.999997
0.269360269,0.26274297,0,0,1.4453717e-06
0.804713805,0.807442,1,1,0.9999528
0.98989899,0.9898847,0,0,1.550125e-06
0.855218855,0.8550964,1,1,0.9985763
0.865319865,0.8612854,1,1,0.9999286
0.787878788,0.78778756,0,0,1.1515258e-05
0.946127946,0.9441065,0,0,6.7135434e-06
0.720538721,0.7225182,1,1,0.9999956
0.781144781,0.7815244,0,0,1.9871482e-06
0.781144781,0.780656,1,1,0.9999987
0.077441077,0.069574215,1,1,0.99999356
0.38047138,0.37511495,0,0,5.8646033e-06
0.868686869,0.8657988,0,0,2.1291394e-06
0.744107744,0.74366665,0,0,2.6454907e-06
0.949494949,0.94743705,1,1,0.99998903
0.575757576,0.57710856,0,0,1.8373282e-06
0.936026936,0.9377538,0,0,1.1782189e-06
0.973063973,0.9748936,0,0,1.1750315e-05
0.949494949,0.94947684,0,0,1.8093504e-06
0.993265993,0.9946402,0,0,2.7243962e-06
0.801346801,0.8041642,0,0,1.2995916e-06
0.505050505,0.5055809,0,0,1.2305649e-06
0.925925926,0.92475116,0,0,1.0814988e-06
0.905723906,0.90484405,1,1,0.9340123
0.501683502,0.50325984,0,0,1.11629e-06
0.060606061,0.05946899,0,0,2.413866e-06
0.430976431,0.42779016,1,1,0.999997
0.905723906,0.90737045,0,0,3.3066942e-06
0.905723906,0.906166,0,0,9.2438654e-07
0.828282828,0.8276581,0,0,2.4631283e-06
0.542087542,0.544698,0,0,1.0703525e-06
0.824915825,0.82892317,0,0,7.801626e-07
0.831649832,0.8339987,0,0,0.000162484
0.922558923,0.92281187,1,1,0.99999607
0.515151515,0.51560843,0,0,1.4089951e-06
0.569023569,0.56762826,0,0,1.0045276e-06
0.296296296,0.29434073,0,0,1.3621565e-06
0.855218855,0.85551697,0,0,8.213186e-07
0.754208754,0.75705427,1,1,0.99999654
0.794612795,0.79261893,1,1,0.99999654
0.498316498,0.49852735,1,1,0.9999976
0.868686869,0.8699477,0,0,1.0616438e-05
0.838383838,0.83858764,0,0,9.825752e-07
0.902356902,0.9032004,0,0,2.0416787e-06
0.572390572,0.5757917,0,0,1.4390201e-06
0.730639731,0.73265177,1,1,0.9973564
0.424242424,0.42347795,1,1,0.99989414
0.875420875,0.87391055,0,0,9.665589e-07
0.572390572,0.57329607,1,1,0.99999785
0.723905724,0.72016925,1,1,0.99999845
0.98989899,0.99102145,0,0,1.0534046e-06
0.952861953,0.9519925,0,0,1.0976345e-06
0.855218855,0.85359323,0,0,2.6052612e-06
0.821548822,0.82396555,0,0,4.7976374e-07
0.249158249,0.25204754,0,0,1.0379379e-06
0.787878788,0.78887033,1,1,0.99999785
0.777777778,0.77803737,0,0,8.3147887e-07
0.565656566,0.5647563,1,1,0.9999987
0.831649832,0.8296471,1,1,0.99999416
0.824915825,0.82925326,1,1,0.99996364
0.740740741,0.7411368,0,0,7.969746e-06
0.996632997,0.9956063,0,0,3.6943004e-06
0.296296296,0.29707184,0,0,6.156294e-07
0.915824916,0.91371524,0,0,1.501602e-06
0.824915825,0.8268261,0,0,4.4985398e-05
0.861952862,0.8595489,1,1,0.9999486
0.98989899,0.989375,0,0,2.5325073e-06
0.447811448,0.43890455,1,1,0.9985806
0.518518519,0.5174526,1,1,0.9999745
0.942760943,0.9423479,1,1,0.9999888
0.966329966,0.9668016,0,0,1.0368141e-06
0.683501684,0.6853916,0,0,9.1069e-07
0.962962963,0.9628379,0,0,7.8226657e-07
0.774410774,0.773268,1,1,0.9999902
0.787878788,0.78781694,0,0,1.463598e-06
0.98989899,0.99001014,0,0,1.01834585e-05
0.346801347,0.347346,1,1,0.99997926
0.986531987,0.9861602,1,1,0.999997
0.808080808,0.8034685,1,1,0.9999881
0.797979798,0.7972312,0,0,7.3509716e-07
0.750841751,0.7523475,0,0,5.0091727e-05
0.558922559,0.5622902,0,0,9.481307e-07
0.269360269,0.27244318,0,0,9.693995e-07
0.616161616,0.6155936,0,0,1.3365797e-06
0.582491582,0.58058995,1,1,0.99998593
0.744107744,0.74000347,0,0,7.385756e-07
0.929292929,0.9296012,1,1,0.9999844
0.831649832,0.83032924,0,0,1.3475351e-05
0.875420875,0.877772,0,0,6.9475317e-07
0.882154882,0.881346,0,0,1.5655178e-06
0.818181818,0.8194641,0,0,6.983423e-07
0.457912458,0.4578387,1,1,0.9999778
0.215488215,0.21983914,1,1,0.80936766
0.397306397,0.39483285,0,0,1.1511419e-06
0.397306397,0.3986021,0,0,6.329219e-06
0.363636364,0.36803505,1,1,0.99999547
0.861952862,0.8615978,0,0,1.1607059e-06
0.696969697,0.7040776,0,0,0.0008845511
1.0,0.99965084,0,0,2.7748308e-06
0.757575758,0.75535303,1,1,0.9999634
0.602693603,0.5978487,0,0,2.087888e-05
0.400673401,0.40484813,0,0,2.1202056e-06
0.848484848,0.84976846,0,0,0.012437138
0.915824916,0.91780996,0,0,9.322472e-07
0.996632997,0.9970662,0,0,7.968203e-07
0.797979798,0.7988629,1,1,0.99999774
0.865319865,0.86768246,0,0,6.136048e-07
0.616161616,0.62031746,0,0,9.493322e-07
0.558922559,0.5587628,0,0,9.716736e-07
0.747474747,0.7452078,0,0,1.1644523e-06
0.818181818,0.8189599,0,0,0.00027337635
0.676767677,0.6729008,0,0,1.1552319e-06
0.966329966,0.96613806,0,0,8.6455174e-07
0.956228956,0.9559532,1,1,0.98120314
0.720538721,0.7241768,1,1,0.99999034
0.939393939,0.9399653,1,1,0.9999541
0.936026936,0.9353948,0,0,1.5437224e-06
0.774410774,0.77474856,1,1,0.99999607
0.861952862,0.8623439,1,1,0.9999963
0.808080808,0.80533886,0,0,1.5039136e-06
0.632996633,0.6355202,0,0,6.7191144e-07
0.427609428,0.42256054,0,0,4.2326833e-06
0.508417508,0.5111564,0,0,3.0427454e-06
0.707070707,0.7037772,1,1,0.9757776
0.430976431,0.43131098,0,0,1.6194728e-06
0.696969697,0.70803714,1,1,0.99717677
0.865319865,0.8665997,1,1,0.9999896
0.96969697,0.9703716,0,0,1.4537115e-06
0.942760943,0.9424835,0,0,2.8557522e-06
0.851851852,0.8511432,0,0,9.655381e-07
0.666666667,0.66856253,0,0,1.2559345e-06
0.777777778,0.7769096,0,0,1.4384192e-06
0.545454545,0.5490385,0,0,2.253338e-06
0.747474747,0.7488784,0,0,1.4981847e-06
0.491582492,0.49483404,0,0,7.6671637e-07
0.323232323,0.3210555,1,1,0.99999726
0.804713805,0.8071648,1,1,0.99998915
0.811447811,0.8116763,0,0,1.5359584e-06
0.831649832,0.8327386,1,1,0.99999833
0.845117845,0.84651476,0,0,5.2014507e-06
0.925925926,0.92654383,0,0,1.3600613e-06
0.505050505,0.50664365,0,0,8.350285e-07
0.875420875,0.8739625,1,1,0.99999464
0.952861953,0.9531013,1,1,0.9999707
0.868686869,0.8709427,0,0,1.1898256e-06
0.441077441,0.45303026,0,0,1.1291405e-06
0.845117845,0.84648556,0,0,2.1042197e-06
0.95959596,0.96106267,1,1,0.9999957
0.69023569,0.69166905,1,1,0.9999957
0.905723906,0.90731484,0,0,1.4557608e-06
0.973063973,0.9726474,0,0,9.149477e-07
0.71043771,0.7149927,0,0,1.4485304e-06
0.740740741,0.7382722,0,0,3.6425174e-06
0.936026936,0.93627095,0,0,8.2773266e-07
0.535353535,0.52896625,0,0,0.00033699762
0.32996633,0.3324632,0,0,4.2103875e-06
0.34006734,0.34149125,0,0,2.555902e-06
0.572390572,0.57146025,1,1,0.9999993
0.794612795,0.79487103,0,0,1.3132941e-06
0.336700337,0.33926708,0,0,7.73712e-07
0.925925926,0.92567873,0,0,1.6024273e-06
0.946127946,0.9458971,0,0,0.0001493735
0.898989899,0.8976615,0,0,2.5283325e-06
0.744107744,0.74370736,0,0,8.1403e-07
0.478114478,0.47801355,0,0,1.1159782e-06
0.333333333,0.33869776,1,1,0.9995264
0.983164983,0.9841911,0,0,1.698885e-06
0.28956229,0.29403514,0,0,9.826561e-06
0.861952862,0.86116135,0,0,1.9899207e-06
0.734006734,0.7351702,0,0,1.0621659e-06
0.824915825,0.8228557,0,0,7.657036e-07
0.383838384,0.38243052,0,0,7.0407526e-07
0.848484848,0.84636015,0,0,1.0171472e-06
0.909090909,0.90864104,0,0,5.4328143e-06
0.686868687,0.6871284,1,1,0.99987113
0.575757576,0.5757921,0,0,1.0191834e-06
0.804713805,0.8015502,0,0,2.239819e-06
0.171717172,0.17575838,0,0,2.4209253e-06
0.932659933,0.93269604,0,0,5.1316e-05
0.31986532,0.3209142,1,1,0.99999726
0.575757576,0.5769542,0,0,1.4314634e-06
0.444444444,0.4453002,0,0,1.1835255e-06
0.922558923,0.9225844,0,0,5.0345925e-06
0.96969697,0.9704853,0,0,7.765544e-07
0.828282828,0.82917833,0,0,8.968969e-06
0.38047138,0.37876466,0,0,1.2101207e-06
0.986531987,0.9868077,0,0,3.187842e-06
0.898989899,0.8985392,1,1,0.99999607
0.548821549,0.547209,0,0,8.989366e-07
0.932659933,0.92921716,1,1,0.99999654
0.747474747,0.7477871,0,0,4.42247e-06
0.757575758,0.7608314,0,0,3.116902e-05
0.875420875,0.87561405,0,0,1.8216554e-06
0.205387205,0.20377812,0,0,1.0483466e-06
0.424242424,0.42219692,0,0,2.3746484e-06
0.760942761,0.757971,0,0,1.1523606e-05
0.818181818,0.82021415,0,0,0.028160607
0.101010101,0.104235254,1,1,0.9999963
0.949494949,0.9489678,1,1,0.9999577
0.481481481,0.48118806,0,0,9.366201e-07
0.68013468,0.6773132,0,0,6.6861566e-07
0.824915825,0.82895046,0,0,2.3421533e-06
0.838383838,0.84126693,0,0,3.6272888e-06
0.228956229,0.2311934,0,0,1.2248279e-06
0.404040404,0.40939528,1,1,0.9999982
0.824915825,0.8237769,1,1,0.9999522
0.929292929,0.92843544,0,0,2.0188397e-06
0.892255892,0.8941413,1,1,0.999992
0.121212121,0.1429558,1,1,0.9999981
0.936026936,0.937147,0,0,1.0357239e-06
0.784511785,0.7817493,0,0,2.0292168e-06
0.986531987,0.98586464,1,1,0.9999988
0.97979798,0.98162204,0,0,6.6196794e-06
0.895622896,0.8946178,0,0,8.62053e-07
0.683501684,0.68439376,0,0,3.3959564e-05
0.377104377,0.3876797,0,0,1.1350895e-06
0.831649832,0.83173966,1,1,0.99999595
0.205387205,0.20544793,0,0,1.447906e-06
0.96969697,0.9709323,1,1,0.9999956
0.835016835,0.83760625,0,0,1.1160165e-06
0.777777778,0.7773115,0,0,1.6517572e-06
0.202020202,0.2034777,0,0,1.0943494e-06
0.824915825,0.82434976,0,0,4.5029433e-06
0.922558923,0.9229209,1,1,0.9999039
0.175084175,0.1741034,0,0,3.954223e-06
0.983164983,0.9826591,0,0,1.6452408e-05
0.7003367,0.69189614,1,1,0.9999974
0.845117845,0.8471356,1,1,0.99999595
0.993265993,0.9932533,1,1,0.9999858
0.777777778,0.77867424,0,0,1.0400157e-06
0.962962963,0.96458423,0,0,3.4347238e-06
0.64983165,0.65158355,1,1,0.99999833
0.97979798,0.9806635,0,0,3.902208e-07
0.845117845,0.84478015,0,0,9.047567e-07
0.653198653,0.6521441,0,0,1.48911595e-05
0.760942761,0.7619256,0,0,0.000101689075
0.771043771,0.77225316,1,1,0.9999974
0.65993266,0.6614964,0,0,4.7901915e-05
0.757575758,0.7576364,0,0,2.47015e-06
0.528619529,0.5273192,1,1,0.99999106
0.865319865,0.8664474,0,0,3.5886387e-06
0.771043771,0.7710109,0,0,8.311744e-07
0.936026936,0.93783736,0,0,1.5784268e-06
0.760942761,0.7599291,0,0,3.613919e-07
0.781144781,0.78033745,0,0,7.0178794e-07
0.962962963,0.9637573,0,0,7.5055914e-07
0.962962963,0.9634431,0,0,1.0066498e-06
0.922558923,0.9243438,1,1,0.9999982
0.875420875,0.8745444,0,0,1.3306491e-06
0.912457912,0.91192067,0,0,6.481666e-06
0.323232323,0.32564735,0,0,9.222434e-07
0.447811448,0.43551183,1,1,0.9958574
0.653198653,0.6534514,0,0,1.1926305e-06
0.936026936,0.93445367,0,0,1.7879707e-06
0.252525253,0.25126344,1,1,0.99999654
0.797979798,0.7984457,1,1,0.999992
0.936026936,0.9363218,0,0,7.445493e-07
0.949494949,0.95032775,0,0,1.092686e-06
0.808080808,0.8053058,1,1,0.99785537
0.232323232,0.22951408,0,0,2.2405304e-06
0.144781145,0.1487771,0,0,7.8304134e-07
0.808080808,0.80662024,0,0,1.4640893e-06
0.787878788,0.78489816,0,0,8.4463845e-06
0.882154882,0.8791819,0,0,1.1831157e-06
0.505050505,0.5050164,1,1,0.9999629
0.949494949,0.94831157,1,1,0.99998915
0.892255892,0.8913978,0,0,9.391943e-07
0.279461279,0.2758586,0,0,1.0999e-06
0.265993266,0.26994908,0,0,1.3308432e-06
0.865319865,0.8643351,0,0,1.8460152e-06
0.804713805,0.80456996,1,1,0.9999974
0.656565657,0.65531904,0,0,5.165562e-06
0.925925926,0.9275149,1,1,0.68708897
0.821548822,0.81920046,1,1,0.99998105
0.612794613,0.6110417,0,0,1.8372493e-06
0.976430976,0.9763287,1,1,0.99999654
0.235690236,0.23039414,0,0,1.2060895e-06
0.367003367,0.35831627,0,0,1.5820511e-06
0.872053872,0.87520754,0,0,6.0168674e-07
0.437710438,0.44153178,0,0,1.201872e-06
0.949494949,0.94978523,1,1,0.99999094
0.555555556,0.5530711,0,0,2.612317e-06
0.801346801,0.8038255,0,0,1.5403591e-06
1.0,0.99891686,0,0,1.0009023e-06
0.932659933,0.93260175,0,0,2.7901392e-06
0.824915825,0.8230081,0,0,8.435461e-06
0.757575758,0.75646806,0,0,6.289551e-07
0.824915825,0.8250587,1,1,0.99999726
0.885521886,0.8890523,0,0,4.0002806e-06
0.30976431,0.3135874,1,1,0.99999666
0.952861953,0.95391345,0,0,1.94224e-06
0.286195286,0.28548512,1,1,0.9999951
0.249158249,0.24873689,1,1,0.99999607
1.0,0.99910575,1,1,0.9999987
0.787878788,0.7897642,1,1,0.9998814
0.777777778,0.7773115,1,1,0.9999964
0.932659933,0.931598,0,0,1.8660181e-05
0.696969697,0.6952874,1,1,0.99998915
0.276094276,0.2782158,0,0,1.179523e-06
0.794612795,0.7992504,0,0,6.919047e-07
0.909090909,0.9083888,0,0,1.2923405e-06
0.861952862,0.86215055,0,0,1.3376724e-06
0.508417508,0.50603527,1,1,0.99998987
0.235690236,0.2361569,1,1,0.9999275
0.693602694,0.69614106,0,0,3.749172e-06
0.831649832,0.82981265,1,1,0.9999939
0.414141414,0.41085356,0,0,1.8375212e-06
0.777777778,0.7767912,0,0,1.5370706e-06
0.481481481,0.4856544,0,0,1.3382811e-06
0.787878788,0.7906018,1,1,0.9999937
0.95959596,0.96023977,1,1,0.9999676
0.851851852,0.8489859,1,1,0.9999958
0.521885522,0.5199808,0,0,8.2761426e-07
0.622895623,0.62168616,0,0,5.139627e-06
0.595959596,0.60169435,0,0,1.1406159e-05
0.838383838,0.8414793,0,0,7.880682e-07
0.925925926,0.92539865,0,0,0.0007541541
0.976430976,0.97693557,0,0,1.171641e-05
0.882154882,0.8839006,0,0,1.0763603e-06
0.942760943,0.94311976,1,1,0.99999654
0.622895623,0.6210865,1,1,0.999997
0.861952862,0.8627381,0,0,4.894035e-06
0.818181818,0.8206635,0,0,2.4862616e-06
0.872053872,0.8723104,1,1,0.9999882
0.983164983,0.9842696,0,0,8.4072235e-06
1.0,0.9974016,1,1,0.999997
0.946127946,0.946133,0,0,7.0213664e-06
0.801346801,0.80083656,0,0,1.8884716e-06
0.64983165,0.6507189,0,0,1.0658488e-05
0.64983165,0.65361536,1,1,0.9996772
0.838383838,0.8395966,0,0,1.4547501e-05
0.579124579,0.580088,0,0,9.636551e-07
0.777777778,0.7783077,1,1,0.9999895
0.606060606,0.6071524,1,1,0.9999281
0.612794613,0.6089839,0,0,8.1221384e-07
0.757575758,0.75509065,0,0,7.503048e-06
0.62962963,0.62913185,0,0,9.1780987e-07
0.868686869,0.8648308,0,0,9.634184e-06
0.912457912,0.910435,0,0,1.51088625e-05
0.956228956,0.95604956,1,1,0.99999213
0.377104377,0.37042785,0,0,9.149006e-07
0.717171717,0.71965253,1,1,0.99999344
0.962962963,0.96096236,0,0,2.5873621e-06
0.666666667,0.6656924,1,1,0.9999931
0.97979798,0.9788396,0,0,2.1600795e-06
0.858585859,0.8588407,0,0,1.7838865e-06
0.306397306,0.30821145,0,0,4.8890856e-06
0.774410774,0.7721019,1,1,0.99995804
0.65993266,0.661157,0,0,1.9856536e-06
0.501683502,0.49632654,0,0,1.1940303e-06
0.525252525,0.52582765,0,0,4.1535023e-07
0.760942761,0.76027,0,0,1.503231e-06
0.801346801,0.80234337,0,0,9.608626e-07
0.952861953,0.95384526,0,0,2.1869553e-06
0.047138047,0.049150616,0,0,1.2671317e-06
0.851851852,0.850449,0,0,1.74241e-06
0.878787879,0.87932384,0,0,1.5714652e-06
0.117845118,0.12332871,0,0,1.6782135e-06
0.683501684,0.68493974,0,0,1.1101982e-06
0.872053872,0.8718414,0,0,1.1838166e-06
0.218855219,0.22091319,1,1,0.99998593
0.616161616,0.6129179,0,0,1.235115e-06
0.831649832,0.8370873,1,1,0.9999981
0.865319865,0.8612854,1,1,0.9999982
0.323232323,0.31349894,1,1,0.9999975
0.525252525,0.52934587,0,0,1.3002809e-06
0.808080808,0.8053058,0,0,2.3769821e-06
0.518518519,0.5220087,0,0,0.0073055234
0.784511785,0.78392994,0,0,6.4602307e-07
0.481481481,0.48263517,1,1,0.99983156
0.925925926,0.92706585,1,1,0.9999893
0.777777778,0.7782096,0,0,9.4207934e-07
0.996632997,0.9960016,0,0,0.0006740524
0.632996633,0.6320089,0,0,3.3874026e-06
0.582491582,0.58100414,0,0,9.1740816e-07
0.905723906,0.90533423,0,0,2.4391356e-06
0.663299663,0.664354,0,0,2.7138938e-06
0.71043771,0.7089648,0,0,0.0012279318
0.855218855,0.85528463,0,0,8.1714586e-07
0.895622896,0.8944546,1,1,0.960642
0.946127946,0.9441065,1,1,0.99999094
0.592592593,0.5892627,0,0,5.2268956e-06
0.501683502,0.5038593,0,0,1.0435575e-06
0.925925926,0.92688966,0,0,2.6468938e-06
0.939393939,0.939373,1,1,0.9999975
0.919191919,0.91746396,0,0,6.2692385e-07
0.727272727,0.7267514,1,1,0.9998499
0.296296296,0.29947406,0,0,2.108595e-06
0.929292929,0.9318291,0,0,1.3600613e-06
0.851851852,0.85162765,1,1,0.99999595
0.272727273,0.26646727,1,1,0.99999404
0.727272727,0.728928,1,1,0.9999969
0.387205387,0.38589525,1,1,0.9995709
0.95959596,0.95822173,1,1,0.99985325
0.936026936,0.93740094,0,0,1.3885973e-06
0.966329966,0.96700686,1,1,0.99999714
0.848484848,0.8492394,0,0,1.0956632e-06
0.909090909,0.90940803,0,0,7.854421e-07
0.754208754,0.7541198,0,0,2.8243235e-06
0.892255892,0.89303464,0,0,8.395993e-07
0.784511785,0.7833036,0,0,1.2458067e-06
0.791245791,0.7934448,0,0,1.6152295e-06
0.976430976,0.9744258,0,0,6.4412643e-07
0.747474747,0.7461206,1,1,0.9997267
0.814814815,0.8168727,0,0,1.1907892e-06
0.851851852,0.8533251,0,0,1.5857671e-06
0.727272727,0.7296667,0,0,1.547574e-06
0.31986532,0.31705034,0,0,5.418063e-06
0.511784512,0.5108823,0,0,3.5043215e-06
0.585858586,0.5820096,1,1,0.9999945
0.895622896,0.8951009,1,1,0.999979
0.784511785,0.78419685,0,0,9.0875096e-07
0.801346801,0.8039775,1,1,0.99990785
0.663299663,0.6613737,1,1,0.999998
0.824915825,0.8250587,0,0,1.4478784e-06
0.949494949,0.94754684,0,0,6.1310047e-06
0.63973064,0.64110845,1,1,0.99952066
0.96969697,0.9703315,0,0,1.3124691e-06
0.734006734,0.7341174,0,0,8.132439e-07
0.814814815,0.8160379,0,0,2.134924e-06
0.296296296,0.29512888,1,1,0.99999857
0.7003367,0.7001327,0,0,1.3499393e-06
0.03030303,0.031728618,1,1,0.99999213
0.915824916,0.91659904,0,0,9.84855e-07
0.828282828,0.82592005,0,0,1.1537388e-06
0.804713805,0.8025979,0,0,1.5219431e-06
0.693602694,0.69231266,0,0,0.08842253
0.228956229,0.23221107,0,0,8.353783e-07
0.821548822,0.82406604,1,1,0.99999714
0.855218855,0.85677576,0,0,7.3759503e-07
0.915824916,0.9159682,0,0,1.6388063e-05
0.925925926,0.9249195,0,0,2.415241e-06
0.417508418,0.4088239,1,1,0.9616405
0.158249158,0.15350951,0,0,1.018717e-06
0.653198653,0.6548911,0,0,1.3686738e-06
0.663299663,0.6652047,1,1,0.99997497
0.734006734,0.7367397,1,1,0.999977
0.811447811,0.81218153,1,1,0.9998441
0.828282828,0.8273731,1,1,0.9999776
0.858585859,0.8571041,1,1,0.99995565
0.606060606,0.6046468,1,1,0.9957847
0.875420875,0.87520266,1,1,0.9999814
0.774410774,0.7730985,1,1,0.9999497
0.713804714,0.7134427,1,1,0.9999958
0.824915825,0.8223771,0,0,0.00239582
0.474747475,0.47444683,0,0,5.2065394e-07
0.478114478,0.48048905,1,1,0.99999714
0.481481481,0.47709382,0,0,1.2000361e-06
0.632996633,0.63239515,0,0,7.012407e-07
0.851851852,0.8503498,1,1,0.9999925
0.595959596,0.6033833,0,0,1.951933e-06
0.942760943,0.94036806,1,1,0.99976176
0.252525253,0.25282434,0,0,0.012810596
0.225589226,0.22275256,0,0,8.535363e-07
0.824915825,0.8241193,0,0,1.5942937e-06
0.720538721,0.7212134,0,0,1.0065875e-06
0.32996633,0.3329276,1,1,0.99999726
0.68013468,0.679097,1,1,0.99998915
0.326599327,0.32341826,0,0,9.717764e-07
0.814814815,0.81399184,0,0,1.1292665e-06
0.313131313,0.31139407,0,0,3.8163166e-06
0.65993266,0.6590336,0,0,1.821869e-06
0.427609428,0.43032947,0,0,1.2507793e-06
0.703703704,0.7045997,0,0,1.609626e-06
0.939393939,0.9389141,1,1,0.99999785
0.673400673,0.6709279,0,0,1.1711411e-06
0.956228956,0.95399886,0,0,8.885418e-06
0.831649832,0.8334174,0,0,1.1469339e-06
0.7003367,0.6998857,0,0,7.1744233e-07
0.323232323,0.31889242,0,0,1.4727115e-06
0.720538721,0.72437125,1,1,0.9999646
0.996632997,0.9958758,0,0,1.3153585e-06
0.286195286,0.28679156,0,0,0.44734815
0.794612795,0.79401016,0,0,6.0055845e-06
0.511784512,0.5156386,0,0,0.0071848775
0.622895623,0.6237547,0,0,1.4078936e-06
0.787878788,0.7907684,0,0,1.1924474e-06
0.986531987,0.98423874,0,0,2.777812e-06
0.35016835,0.35131487,0,0,1.7275946e-06
0.865319865,0.86288863,0,0,1.3408361e-06
0.96969697,0.9679105,1,1,0.9978808
0.750841751,0.7514502,1,1,0.99998975
0.693602694,0.69325536,0,0,2.6624357e-06
0.966329966,0.9648755,1,1,0.9999964
0.538720539,0.5433149,0,0,1.0678159e-06
0.444444444,0.44060376,0,0,5.715157e-07
0.973063973,0.9743149,1,1,0.9999591
0.882154882,0.88185716,0,0,2.5544716e-06
0.498316498,0.49926576,0,0,1.39828e-05
0.804713805,0.8067906,0,0,9.44864e-07
0.508417508,0.5067151,0,0,9.2354867e-07
0.609427609,0.60897917,1,1,0.9999974
0.781144781,0.78367555,0,0,1.6132188e-06
0.740740741,0.74396133,1,1,0.99999666
0.848484848,0.84768397,0,0,1.916956e-06
1.0,1.0000275,0,0,1.071004e-06
0.744107744,0.7420084,0,0,7.300607e-07
0.579124579,0.57923716,0,0,1.202467e-06
0.518518519,0.51891035,0,0,0.00012244283
0.518518519,0.51762366,1,1,0.9939944
0.552188552,0.5508059,0,0,1.4395459e-06
0.868686869,0.8681029,0,0,1.2932467e-06
0.717171717,0.7192442,0,0,1.1123857e-06
0.888888889,0.8889388,0,0,9.005258e-07
0.673400673,0.673795,0,0,1.2931492e-06
0.962962963,0.9634266,1,1,0.9999894
0.97979798,0.9815578,0,0,1.2377302e-06
0.946127946,0.94603914,1,1,0.9999963
0.865319865,0.8646016,1,1,0.9999579
0.973063973,0.97257274,0,0,5.0206694e-07
0.535353535,0.5385333,0,0,2.6807393e-06
0.801346801,0.80401003,0,0,7.14291e-07
0.538720539,0.53567487,0,0,1.3500797e-06
0.919191919,0.91910034,0,0,7.443533e-07
0.646464646,0.6445811,0,0,2.5747033e-05
0.865319865,0.86815184,0,0,1.1009547e-06
0.67003367,0.6737936,0,0,1.101481e-05
0.794612795,0.79377705,1,1,0.9941553
0.61952862,0.62278163,0,0,7.266957e-06
0.582491582,0.58641803,1,1,0.9999969
0.501683502,0.49887928,0,0,0.0013667933
0.97979798,0.9785491,0,0,7.3101023e-07
0.723905724,0.72677326,0,0,2.503404e-06
0.737373737,0.735065,0,0,4.2763204e-06
0.666666667,0.66507554,0,0,8.691531e-07
0.949494949,0.94797516,1,1,0.99998605
0.774410774,0.77646166,0,0,1.7678365e-06
0.915824916,0.9157302,1,1,0.9999974
0.535353535,0.534463,1,1,0.99992144
0.569023569,0.57026005,0,0,1.6841971e-06
0.902356902,0.90186304,1,1,0.9999808
0.474747475,0.47445425,0,0,7.438055e-07
0.878787879,0.87936753,1,1,0.9999963
0.7003367,0.7021289,0,0,5.406478e-07
0.777777778,0.7779228,1,1,0.99992955
0.882154882,0.87898684,0,0,1.436285e-06
0.531986532,0.5316478,0,0,1.039395e-06
0.521885522,0.5214083,0,0,2.470596e-05
0.68013468,0.6797527,0,0,4.944594e-06
0.582491582,0.5802981,0,0,3.049328e-06
0.929292929,0.9298058,0,0,1.6658825e-06
0.518518519,0.5179434,0,0,1.330795e-06
0.218855219,0.22287855,0,0,9.2146354e-07
0.730639731,0.73398226,0,0,5.9619816e-07
0.464646465,0.4631506,0,0,1.0580712e-06
0.538720539,0.53701866,1,1,0.99999785
0.936026936,0.9378024,0,0,1.2384352e-06
0.784511785,0.7853145,0,0,2.820921e-06
0.784511785,0.78320193,0,0,0.0018118945
0.696969697,0.69888043,0,0,9.292364e-07
0.673400673,0.6642493,0,0,2.8731134e-05
0.353535354,0.35605448,0,0,5.449742e-06
0.222222222,0.22105682,0,0,1.5271365e-06
0.723905724,0.7248833,0,0,1.668549e-06
0.838383838,0.837203,0,0,1.4579292e-05
0.784511785,0.7871663,0,0,1.54474e-06
0.895622896,0.8962642,1,1,0.99996614
0.952861953,0.95292145,0,0,1.3547357e-06
0.973063973,0.9733806,0,0,2.4437643e-06
0.434343434,0.4359104,0,0,3.17479e-06
0.872053872,0.87357944,0,0,5.6459777e-07
0.713804714,0.70951146,0,0,7.0437604e-06
0.794612795,0.79454774,0,0,1.3210697e-06
0.946127946,0.94529575,0,0,2.488598e-06
0.878787879,0.87845874,0,0,3.0334938e-06
0.902356902,0.9043854,0,0,9.87284e-07
0.835016835,0.8366358,0,0,8.3753525e-07
0.38047138,0.3852393,0,0,7.797007e-07
0.134680135,0.1354822,0,0,2.2870074e-06
0.673400673,0.6707809,1,1,0.99999094
0.542087542,0.54012036,1,1,0.99947983
0.892255892,0.8897687,0,0,6.088675e-07
0.868686869,0.86905205,0,0,1.3471858e-06
0.801346801,0.800374,0,0,8.090434e-07
0.404040404,0.40272245,0,0,3.125915e-06
0.744107744,0.7444831,0,0,5.4409145e-05
0.976430976,0.97651607,0,0,0.00047331303
0.949494949,0.94970316,0,0,1.0056375e-06
0.794612795,0.7924452,1,1,0.9999951
0.565656566,0.56804425,1,1,0.99999726
0.942760943,0.9423479,0,0,8.546155e-07
0.727272727,0.72599375,0,0,0.0050274692
0.97979798,0.9790052,1,1,0.9999808
0.915824916,0.9169699,0,0,1.2279822e-06
0.774410774,0.77482224,0,0,2.7165372e-05
0.68013468,0.68037415,0,0,1.0008584e-06
0.542087542,0.53984505,0,0,5.4202233e-06
0.878787879,0.8784106,1,1,0.99999595
0.919191919,0.91554165,0,0,6.715574e-05
0.599326599,0.5990585,0,0,4.4893723e-06
0.740740741,0.741581,0,0,1.3758841e-05
0.498316498,0.4869315,0,0,1.4698953e-06
0.929292929,0.9301884,0,0,6.0402717e-06
0.774410774,0.77322096,0,0,5.250051e-06
0.902356902,0.9043956,1,1,0.99999833
0.956228956,0.9536343,1,1,0.9677645
0.535353535,0.54089,0,0,1.8036721e-06
0.841750842,0.8393227,0,0,2.806731e-06
0.767676768,0.76796174,0,0,1.085599e-06
0.885521886,0.8857158,0,0,1.2976187e-06
0.855218855,0.8532643,1,1,0.9999926
0.868686869,0.86699265,0,0,0.0006852337
0.760942761,0.7616406,0,0,1.4477721e-06
0.868686869,0.86913824,0,0,9.756794e-07
0.952861953,0.95391345,1,1,0.99999535
0.902356902,0.90175927,0,0,2.8938493e-06
0.771043771,0.77167344,0,0,2.7219443e-05
0.737373737,0.7380358,0,0,7.0058024e-07
0.804713805,0.80639696,0,0,6.6904687e-07
0.754208754,0.7523793,0,0,7.87335e-07
0.872053872,0.87193793,0,0,1.2594081e-06
0.962962963,0.9637365,0,0,9.3707484e-07
0.814814815,0.8153552,0,0,5.583059e-07
0.835016835,0.8356261,0,0,1.990456e-06
0.62962963,0.6305398,1,1,0.9999974
0.744107744,0.7453704,0,0,8.883265e-07
0.707070707,0.7094695,0,0,1.9733848e-06
0.865319865,0.8620528,0,0,1.3537929e-06
0.932659933,0.9325598,1,1,0.9999927
0.734006734,0.7381154,0,0,2.0656214e-06
0.737373737,0.7388383,0,0,3.4256361e-06
0.175084175,0.16858135,0,0,9.686647e-07
0.936026936,0.93674505,0,0,8.339343e-07
0.602693603,0.6017916,0,0,9.824038e-07
0.457912458,0.45878744,0,0,9.4115165e-07
0.279461279,0.27893746,0,0,6.724371e-07
0.814814815,0.8159859,0,0,8.7118457e-07
0.427609428,0.4320332,0,0,1.6236946e-06
0.835016835,0.8350932,0,0,9.548237e-07
0.868686869,0.8692958,0,0,1.8141727e-06
0.67003367,0.6651776,1,1,0.9999341
0.760942761,0.7611841,0,0,2.610474e-06
0.474747475,0.47283867,1,1,0.99981624
0.68013468,0.6797569,1,1,0.999998
0.851851852,0.8534358,0,0,5.670774e-06
0.784511785,0.78739023,0,0,2.8619113e-06
0.841750842,0.8430464,0,0,7.3027167e-07
0.861952862,0.8614273,0,0,1.935063e-06
0.794612795,0.79344887,0,0,2.090989e-06
0.740740741,0.73909485,1,1,0.9999893
0.717171717,0.71576893,0,0,8.8539426e-05
0.663299663,0.6626868,1,1,0.99999106
0.865319865,0.864615,0,0,3.1984148e-06
0.96969697,0.96850973,0,0,8.7828874e-07
0.808080808,0.80642885,0,0,6.308032e-06
0.872053872,0.8697195,0,0,4.1752846e-06
0.707070707,0.70578,1,1,0.99999464
0.875420875,0.87672067,0,0,3.2825512e-06
0.781144781,0.78236043,0,0,0.0012432875
0.875420875,0.87506115,0,0,1.762448e-06
0.814814815,0.81399935,0,0,5.489039e-06
0.942760943,0.9397312,0,0,1.0991376e-06
0.895622896,0.89681685,0,0,6.1353813e-07
0.841750842,0.84073585,1,1,0.99989414
0.771043771,0.7716285,0,0,1.0806028e-06
0.976430976,0.97687685,0,0,1.984071e-06
0.838383838,0.8383345,0,0,5.715913e-05
0.848484848,0.8497038,0,0,6.830707e-07
0.757575758,0.75917834,1,1,0.99998474
0.895622896,0.89788663,0,0,1.2334951e-06
0.427609428,0.42496663,1,1,0.9995999
0.794612795,0.7992504,0,0,2.3046546e-06
0.98989899,0.98892343,0,0,3.4594811e-06
0.932659933,0.93231136,0,0,9.700967e-07
0.488215488,0.48593748,0,0,7.740952e-06
0.801346801,0.7982766,0,0,0.00015115418
0.996632997,0.9963696,0,0,1.1737396e-06
0.942760943,0.9423732,0,0,4.7324144e-07
0.828282828,0.8285762,1,1,0.9999707
0.868686869,0.8703521,1,1,0.9999677
0.552188552,0.5535662,0,0,7.8185343e-07
0.939393939,0.9372649,0,0,7.648732e-06
0.518518519,0.51768833,0,0,4.9421615e-06
0.966329966,0.9664444,0,0,1.3155066e-06
0.801346801,0.8026363,0,0,1.9683926e-06
0.902356902,0.9058002,0,0,1.5346788e-05
0.501683502,0.49929306,0,0,4.1798387e-05
0.767676768,0.7672665,0,0,1.1359352e-06
0.909090909,0.9073954,1,1,0.9999585
0.616161616,0.6155697,0,0,1.823543e-06
0.925925926,0.9271183,0,0,1.0306201e-06
0.828282828,0.82932585,1,1,0.9998165
0.552188552,0.54665154,0,0,9.162104e-07
0.808080808,0.805852,1,1,0.9999958
0.683501684,0.6849876,0,0,8.333881e-07
0.592592593,0.59812456,0,0,1.7781117e-06
0.333333333,0.3361891,0,0,6.314189e-06
0.885521886,0.8856948,0,0,1.0450724e-06
0.838383838,0.83970356,1,1,0.9999883
0.636363636,0.6373609,0,0,2.2789975e-06
0.851851852,0.8499492,0,0,1.3128872e-06
0.808080808,0.80817777,0,0,1.3056265e-06
0.939393939,0.93993765,0,0,7.2615258e-06
0.713804714,0.71212834,0,0,5.73804e-07
0.983164983,0.9844832,0,0,1.000889e-06
0.95959596,0.9606839,0,0,0.00028355038
0.400673401,0.4003633,1,1,0.99998045
0.515151515,0.5140242,0,0,4.349337e-06
0.929292929,0.9298686,1,1,0.99998
0.609427609,0.61031604,0,0,4.874472e-06
0.518518519,0.5176539,0,0,1.3984929e-06
0.255892256,0.25695583,0,0,1.3773722e-06
0.464646465,0.4661994,0,0,1.3399426e-06
0.774410774,0.77246666,0,0,2.5529882e-06
0.98989899,0.989097,1,1,0.9999405
0.518518519,0.51569366,0,0,7.159332e-07
0.831649832,0.83131105,0,0,2.3696036e-06
0.632996633,0.63575494,1,1,0.9999963
0.872053872,0.8713716,0,0,9.1954195e-07
0.437710438,0.4345214,0,0,2.4755107e-06
0.808080808,0.8072961,1,1,0.99999154
0.457912458,0.4594619,0,0,6.633315e-07
0.841750842,0.8409114,1,1,0.9998919
0.276094276,0.27635106,0,0,8.1801437e-07
0.787878788,0.7868014,0,0,8.6705774e-07
0.973063973,0.97460943,0,0,6.044566e-07
0.865319865,0.866054,1,1,0.9999956
0.986531987,0.9885794,0,0,0.0009561204
0.841750842,0.8438951,1,1,0.99999714
0.723905724,0.7271429,0,0,1.7045145e-06
0.407407407,0.40317783,0,0,3.318794e-06
0.932659933,0.9320662,1,1,0.9999981
0.427609428,0.42668468,1,1,0.9999739
0.713804714,0.7124737,0,0,1.3211353e-06
0.242424242,0.23684189,0,0,2.1331819e-06
0.835016835,0.83638865,0,0,1.4622136e-05
0.895622896,0.8978423,0,0,1.9054186e-06
0.892255892,0.8916564,1,1,0.9999808
0.902356902,0.9017675,0,0,1.5312256e-06
0.814814815,0.8143153,1,1,0.99999285
0.892255892,0.8909459,0,0,5.0525286e-06
0.875420875,0.875473,1,1,0.9999913
0.912457912,0.9129325,1,1,0.9999982
0.983164983,0.98533845,0,0,1.0885527e-06
0.767676768,0.76705724,0,0,6.8306815e-07
0.774410774,0.7743023,0,0,4.563463e-06
0.767676768,0.7682669,1,1,0.9999801
0.511784512,0.5066457,1,1,0.9999976
1.0,1.0007765,0,0,5.050439e-07
0.912457912,0.91218513,1,1,0.99993503
0.794612795,0.79333323,0,0,6.5634106e-07
0.902356902,0.9043854,1,1,0.9999443
0.925925926,0.92392564,0,0,1.9793765e-06
0.740740741,0.739671,0,0,1.1634665e-06
0.966329966,0.96508616,1,1,0.99999654
0.730639731,0.7290058,1,1,0.99998736
0.986531987,0.98586243,1,1,0.99999464
0.841750842,0.8422143,0,0,0.052839845
0.828282828,0.8224371,1,1,0.9999887
0.508417508,0.5111952,0,0,1.4884295e-06
0.882154882,0.8826614,1,1,0.9999982
0.973063973,0.97191525,0,0,7.271678e-06
0.956228956,0.9543547,0,0,7.901957e-07
0.616161616,0.61872745,0,0,9.495224e-07
0.548821549,0.5534279,0,0,9.2552017e-07
0.252525253,0.24821876,0,0,7.547173e-07
0.245791246,0.2457302,1,1,0.9999976
0.821548822,0.82038015,0,0,5.8832065e-05
0.794612795,0.79496956,0,0,1.9675836e-06
0.501683502,0.4969337,0,0,5.077701e-07
0.757575758,0.75533646,0,0,2.5476108e-06
0.609427609,0.60721314,0,0,0.00013790662
0.922558923,0.92325836,0,0,0.035284508
0.727272727,0.72884625,0,0,3.5436249e-06
0.713804714,0.7142877,0,0,3.7875277e-06
0.818181818,0.82313037,0,0,7.4023587e-06
0.902356902,0.9018677,1,1,0.99324244
0.676767677,0.6771817,0,0,1.0822839e-06
0.898989899,0.9013786,1,1,0.99986887
0.491582492,0.49135092,1,1,0.9999765
0.922558923,0.9229065,0,0,1.8427893e-06
0.545454545,0.5472284,0,0,2.93e-06
0.552188552,0.55277586,0,0,1.7593295e-05
0.781144781,0.78275067,0,0,7.77313e-07
0.582491582,0.5825298,0,0,1.4188871e-06
0.747474747,0.7489664,0,0,8.303473e-07
0.7003367,0.70203656,0,0,2.4212786e-06
0.437710438,0.43712762,1,1,0.99995184
0.986531987,0.9848352,0,0,8.0612455e-07
0.801346801,0.80101895,0,0,1.2496645e-06
0.548821549,0.5465545,0,0,1.3531281e-06
0.393939394,0.39536875,0,0,6.771484e-07
0.912457912,0.9136717,0,0,1.3790426e-06
0.430976431,0.42444867,0,0,9.968686e-05
0.828282828,0.8224354,0,0,4.057522e-06
0.929292929,0.9304589,0,0,2.0268417e-06
0.801346801,0.80375755,1,1,0.99998546
0.936026936,0.9364051,0,0,8.925247e-07
0.781144781,0.78184897,0,1,0.83463454
0.787878788,0.7886469,1,1,0.9999963
0.602693603,0.59658927,1,1,0.9999976
0.824915825,0.8246912,1,1,0.9988921
0.606060606,0.60440737,0,0,9.554659e-07
0.262626263,0.26537076,0,0,3.9136603e-06
0.97979798,0.977673,1,1,0.9985549
0.781144781,0.78386104,0,0,1.538794e-05
0.754208754,0.754341,0,0,6.1812494e-07
0.962962963,0.9616602,1,1,0.99999726
0.801346801,0.8025291,0,0,1.3706932e-06
0.966329966,0.9662974,1,1,0.9999982
0.909090909,0.90713626,0,0,1.2755618e-06
0.760942761,0.7580333,0,0,5.942534e-07
0.831649832,0.8327803,1,1,0.9995633
0.801346801,0.79654807,0,0,6.61357e-07
0.205387205,0.21097727,0,0,1.06331e-06
0.835016835,0.8373811,1,1,0.9679248
0.333333333,0.33309177,0,0,1.011608e-06
0.956228956,0.9577234,0,0,5.2964324e-06
0.888888889,0.88898534,0,0,6.7284204e-06
0.96969697,0.9688097,0,0,8.9083505e-07
0.656565657,0.65531904,0,0,3.3536362e-06
0.04040404,0.050846238,0,0,1.488076e-06
0.983164983,0.98299325,0,0,1.522126e-06
0.676767677,0.6757745,0,0,2.7417811e-06
0.62962963,0.62710625,0,0,6.191663e-07
1.0,0.9993084,0,0,1.0994669e-06
0.845117845,0.84651476,1,1,0.99997175
0.902356902,0.9054792,0,0,6.5457954e-07
0.7003367,0.7028908,0,0,1.5165837e-06
0.976430976,0.97845143,0,0,1.4588641e-06
0.713804714,0.71246564,0,0,7.0490967e-07
0.262626263,0.2664868,1,1,0.99986494
0.824915825,0.82407475,0,0,7.8406556e-05
0.760942761,0.7637429,0,0,3.486125e-06
0.828282828,0.83007985,0,0,1.8050383e-06
0.801346801,0.7995766,0,0,1.968704e-06
0.993265993,0.9928197,0,0,8.8450633e-07
0.38047138,0.37353972,0,0,3.239819e-06
0.973063973,0.97245824,0,0,9.083073e-07
0.801346801,0.79864496,0,0,1.2002707e-06
0.696969697,0.6967339,0,0,2.0230373e-06
0.430976431,0.42906892,0,0,0.00012333671
0.868686869,0.86993563,0,0,1.5753154e-06
0.420875421,0.41291946,0,0,1.1052584e-06
0.804713805,0.8072274,0,0,1.6654934e-06
0.872053872,0.8716015,1,1,0.99998736
0.713804714,0.7119066,0,0,2.6618745e-06
0.929292929,0.9264927,1,1,0.99999654
0.69023569,0.68945795,1,1,0.9058969
0.313131313,0.30215248,0,0,2.2959253e-05
0.703703704,0.7065555,0,0,1.5805824e-06
0.993265993,0.9923002,0,0,6.072206e-07
0.61952862,0.6160278,0,0,1.354989e-06
0.939393939,0.9387631,0,0,0.019627744
0.838383838,0.8404082,1,1,0.9999596
0.922558923,0.9235514,0,0,7.3443425e-07
0.565656566,0.56468505,0,0,0.00013053372
0.316498316,0.31985772,0,0,8.3086695e-07
0.508417508,0.51065344,0,0,5.838977e-07
0.986531987,0.98718625,0,0,4.79977e-07
0.787878788,0.7911681,1,1,0.99999285
0.821548822,0.8228251,0,0,6.9879256e-06
0.774410774,0.7745544,1,1,0.9999964
0.929292929,0.9302666,1,1,0.99999607
0.848484848,0.8494291,0,0,6.7373634e-07
0.764309764,0.767504,0,0,0.0021107963
0.531986532,0.5314295,0,0,1.4121267e-06
0.555555556,0.5556335,1,1,0.9998692
0.868686869,0.8680184,1,1,0.99999416
0.942760943,0.9420035,0,0,8.974307e-07
0.181818182,0.1857451,0,0,1.8115467e-06
0.471380471,0.46866256,1,1,0.999923
0.427609428,0.42424363,0,0,1.2622843e-06
0.265993266,0.26594785,0,0,2.4437655e-05
0.781144781,0.7787018,0,0,3.3917183e-06
0.565656566,0.5637378,0,0,1.6209467e-06
0.643097643,0.6431081,0,0,1.6901037e-06
0.821548822,0.8194217,0,0,1.7328385e-06
0.791245791,0.7910257,1,1,0.9999981
0.952861953,0.951847,1,1,0.9999918
0.838383838,0.8387739,0,0,1.0184556e-06
0.723905724,0.72503126,0,0,9.29271e-07
0.632996633,0.63198173,0,0,2.3410212e-06
0.760942761,0.7623829,0,0,2.2937022e-06
0.498316498,0.49692672,1,1,0.9999937
0.808080808,0.80951476,0,0,1.0848788e-06
0.912457912,0.9116073,1,1,0.9999981
0.851851852,0.8548263,0,0,1.022547e-06
0.417508418,0.40908864,1,1,0.99974686
0.67003367,0.67394537,1,1,0.9999981
0.63973064,0.6389127,0,0,2.6700036e-05
0.437710438,0.4357834,0,0,1.4719827e-06
0.821548822,0.82453513,0,0,1.2397161e-06
0.845117845,0.84610194,0,0,6.232368e-07
0.676767677,0.6755095,1,1,0.99999845
0.505050505,0.5005999,0,0,9.284401e-07
0.808080808,0.80734026,1,1,0.99999714
0.898989899,0.89886945,0,0,1.4174103e-06
0.824915825,0.82298195,0,0,3.999987e-06
0.939393939,0.93777144,0,0,1.5323768e-06
0.69023569,0.6880032,0,0,1.9562863e-06
0.821548822,0.8186593,0,0,9.586037e-07
0.717171717,0.71862274,1,1,0.99998546
0.932659933,0.93421626,0,0,5.096584e-05
0.882154882,0.88147926,0,0,6.8852137e-07
0.851851852,0.85053337,1,1,0.999997
0.848484848,0.8495673,0,0,3.0496594e-06
0.61952862,0.62186694,1,1,0.9999918
0.831649832,0.8334624,0,0,8.0317244e-07
0.895622896,0.8971735,1,1,0.99999785
0.888888889,0.8901545,1,1,0.9999949
0.993265993,0.99243,0,0,9.034754e-07
0.956228956,0.9578663,1,1,0.9999651
0.686868687,0.68626595,1,1,0.9999969
1.0,0.9996636,1,1,0.99980646
0.902356902,0.9013939,0,0,1.5174198e-06
0.754208754,0.7543477,0,0,0.0002827823
0.478114478,0.4787054,1,1,0.9999913
0.723905724,0.72851735,1,1,0.9952527
0.69023569,0.689927,0,0,0.010171645
0.794612795,0.79759866,0,0,2.315085e-06
0.760942761,0.75915116,1,1,0.9999931
0.471380471,0.46989292,0,0,1.3089117e-06
0.787878788,0.78778493,0,0,1.5494644e-06
0.535353535,0.5295913,0,0,3.6672684e-06
0.488215488,0.48743194,1,1,0.99994123
0.936026936,0.93584394,0,0,2.4278593e-06
0.626262626,0.6250211,0,0,5.432776e-07
0.787878788,0.7906393,1,1,0.9999974
0.306397306,0.30306107,0,0,1.8329355e-06
0.37037037,0.37316054,0,0,0.014858985
0.771043771,0.77009946,0,0,1.1805066e-06
0.68013468,0.68065494,1,1,0.9999981
0.632996633,0.6338585,1,1,0.9999974
0.882154882,0.8811852,0,0,7.614582e-07
0.878787879,0.87696344,1,1,0.99999714
0.7003367,0.7013354,0,0,2.2485447e-06
0.730639731,0.7327074,0,0,3.7037016e-06
0.952861953,0.9533811,0,0,1.671191e-06
0.841750842,0.8421335,0,0,5.117887e-07
0.377104377,0.38423607,1,1,0.9998616
0.64983165,0.65457994,0,0,9.912123e-07
0.962962963,0.9618339,0,0,1.1607646e-06
0.892255892,0.891581,0,0,1.4234641e-06
1.0,1.0004612,0,0,9.778937e-07
0.760942761,0.75933653,0,0,9.586951e-07
0.986531987,0.9846161,0,0,1.0133499e-06
0.936026936,0.93617654,1,1,0.99998903
0.922558923,0.923187,0,0,1.26795e-06
0.579124579,0.57837814,0,0,8.093522e-07
0.781144781,0.78136855,0,0,7.4325385e-07
0.505050505,0.50567025,1,1,0.9999902
0.797979798,0.7974617,1,1,0.99999785
0.558922559,0.5626064,0,0,3.2250528e-06
0.949494949,0.95116615,0,0,6.150924e-07
0.569023569,0.5676678,0,0,1.286416e-06
0.720538721,0.7199367,0,0,8.0916305e-07
0.444444444,0.445836,0,0,1.3079884e-05
0.62962963,0.6327079,1,1,0.9991466
0.808080808,0.81081516,1,1,0.99997973
0.808080808,0.80707914,0,0,3.8271133e-05
0.835016835,0.83465266,0,0,6.6004027e-06
0.797979798,0.79598415,0,0,3.865904e-06
0.909090909,0.90857303,0,0,9.402895e-07
0.831649832,0.834431,0,0,6.864391e-07
0.828282828,0.8290483,0,0,7.102357e-06
0.851851852,0.85417634,0,0,1.2135636e-06
0.286195286,0.28416142,0,0,4.889603e-06
0.511784512,0.51509166,0,0,1.270699e-06
0.966329966,0.9667365,0,0,1.2647472e-06
0.511784512,0.51774985,0,0,1.7362328e-06
0.771043771,0.77101266,0,0,1.471267e-06
0.777777778,0.7748617,1,1,0.999997
0.737373737,0.73404735,0,0,0.00010043118
0.781144781,0.78150713,1,1,0.9999958
0.754208754,0.7567044,0,0,1.7670038e-06
0.861952862,0.86305493,0,0,6.712396e-07
0.757575758,0.75633526,0,0,0.00019963736
0.616161616,0.61767,0,0,6.0752695e-06
0.363636364,0.36174402,0,0,1.3619214e-06
0.242424242,0.23588535,0,0,6.3212206e-06
0.872053872,0.86966366,0,0,4.032332e-06
0.606060606,0.6046699,0,0,1.4901409e-06
0.922558923,0.9216021,0,0,4.892649e-06
0.767676768,0.7691298,0,0,1.1204731e-06
0.794612795,0.79613847,1,1,0.99865603
0.592592593,0.5946371,0,0,0.0032757511
0.367003367,0.3714926,0,0,1.0789903e-06
0.841750842,0.8381262,1,1,0.99999344
0.683501684,0.68142265,1,1,0.99999726
0.882154882,0.8812994,1,1,0.9999975
0.818181818,0.820694,0,0,1.8083068e-06
0.875420875,0.8770437,1,1,0.99999785
0.734006734,0.7359886,0,0,9.40303e-07
0.518518519,0.51596606,0,0,1.924378e-06
0.518518519,0.51813614,0,0,1.2888597e-06
0.717171717,0.71883494,1,1,0.99999416
0.814814815,0.8160379,1,1,0.9999957
0.794612795,0.7944915,0,0,1.5878177e-06
0.821548822,0.8229012,0,0,7.0860057e-07
0.811447811,0.81085706,0,0,9.078812e-06
0.185185185,0.18372977,1,1,0.9999982
0.471380471,0.46993664,1,1,0.99999726
0.875420875,0.8733778,0,0,3.550163e-05
0.845117845,0.8479829,0,0,1.1509098e-05
0.582491582,0.58051044,0,0,0.0047588954
0.835016835,0.83630794,1,1,0.99999726
0.841750842,0.84464926,0,0,1.678844e-06
0.838383838,0.8410578,0,0,0.0007293959
0.814814815,0.81407845,0,0,1.0205596e-06
0.787878788,0.78710675,0,0,2.3339835e-06
0.804713805,0.8081913,0,0,1.1755252e-06
0.868686869,0.8680596,0,0,2.202013e-06
0.707070707,0.7003188,0,0,1.2499446e-06
0.69023569,0.68398696,1,1,0.99999774
0.750841751,0.74942774,0,0,8.1269735e-07
0.912457912,0.9084485,0,0,9.746344e-06
0.96969697,0.970333,1,1,0.9988919
0.828282828,0.8307912,0,0,5.1242882e-06
0.784511785,0.7839429,0,0,9.138507e-07
0.185185185,0.1846678,1,1,0.99261594
0.895622896,0.8963135,0,0,5.336262e-06
0.686868687,0.688654,1,1,0.99999785
0.03030303,0.032147266,0,0,8.3267787e-07
0.622895623,0.6241214,1,1,0.99999344
0.925925926,0.9242319,1,1,0.9998549
0.589225589,0.58701193,0,0,1.0638487e-06
0.713804714,0.7127845,1,1,0.99993634
0.868686869,0.8664644,0,0,2.0540726e-06
0.838383838,0.84087616,1,1,0.9936585
0.841750842,0.84356534,1,1,0.99999523
0.821548822,0.82253206,0,0,2.2816027e-06
0.797979798,0.7971277,0,0,4.608795e-06
0.824915825,0.8236261,1,1,0.99999416
0.882154882,0.87814015,0,0,5.7427722e-05
0.919191919,0.92006314,0,0,1.5587572e-06
0.377104377,0.380228,1,1,0.99999416
0.7003367,0.6993961,0,0,1.0421394e-06
0.771043771,0.7702837,1,1,0.99999833
0.552188552,0.55004644,0,0,1.6152787e-06
0.824915825,0.8201121,0,0,1.0424744e-06
0.632996633,0.6310446,1,1,0.99997723
0.579124579,0.57841843,0,0,9.576653e-07
0.404040404,0.40660682,0,0,9.270067e-06
0.65993266,0.66594857,1,1,0.99913067
0.949494949,0.95230454,0,0,3.321613e-05
0.986531987,0.9878262,0,0,1.1030177e-06
0.363636364,0.3623411,1,1,0.99976295
0.754208754,0.7551334,0,0,1.5049524e-06
0.195286195,0.19545394,1,1,0.9999956
0.818181818,0.8182649,1,1,0.99999595
0.693602694,0.6944463,0,0,2.067748e-06
0.313131313,0.30357888,0,0,1.4212491e-06
0.787878788,0.78558236,1,1,0.9999931
0.801346801,0.8034138,0,0,1.8803789e-06
0.797979798,0.7995476,0,0,1.7530289e-06
0.781144781,0.7791707,0,0,1.37539e-06
0.838383838,0.83803135,0,0,2.248701e-06
0.720538721,0.722517,0,0,1.2965043e-06
0.811447811,0.809869,0,0,7.7755175e-07
0.956228956,0.95594275,1,1,0.9992494
0.976430976,0.97524494,0,0,5.0994013e-06
0.882154882,0.87757605,1,1,0.99994063
0.818181818,0.81618905,1,1,0.9999939
0.905723906,0.9076547,0,0,1.4144989e-06
0.7003367,0.7034429,0,0,1.0330615e-06
0.720538721,0.7234838,1,1,0.9999975
0.703703704,0.70170814,0,0,1.1398614e-06
0.707070707,0.7082391,0,0,7.58776e-07
0.303030303,0.30220762,1,1,0.99999404
0.922558923,0.92302984,1,1,0.9999256
0.228956229,0.2291245,0,0,5.753372e-06
0.696969697,0.70163184,0,0,6.9006217e-07
0.835016835,0.8350845,0,0,2.3055889e-06
0.390572391,0.39295697,1,1,0.99998784
0.804713805,0.80064887,1,1,0.999998
0.781144781,0.779735,0,0,4.7016056e-05
0.555555556,0.55592215,1,1,0.99994636
0.636363636,0.63268816,0,0,2.0942998e-06
0.461279461,0.464253,0,0,8.1419216e-07
0.296296296,0.3003071,0,0,7.44819e-05
0.35016835,0.3469138,0,0,1.8156084e-05
0.750841751,0.7501676,0,0,8.0758804e-07
0.821548822,0.8218777,0,0,1.0328151e-06
0.787878788,0.78879094,0,0,7.629897e-07
0.855218855,0.8550083,0,0,8.373707e-07
0.723905724,0.7255882,0,0,9.067996e-06
0.868686869,0.8723425,0,0,9.296699e-07
0.387205387,0.387992,0,0,1.3484944e-06
0.838383838,0.8382924,0,0,4.70684e-06
0.65993266,0.6551519,0,0,8.7553644e-07
0.727272727,0.72884625,0,0,1.3114382e-06
0.777777778,0.7779228,0,0,7.8281886e-07
0.245791246,0.24593773,1,1,0.9999813
0.276094276,0.27365392,0,0,2.6998096e-06
0.976430976,0.97748953,1,1,0.99999845
0.720538721,0.7169818,1,1,0.99999785
0.922558923,0.921644,0,0,1.5243936e-06
0.457912458,0.46139902,0,0,2.3000962e-06
0.34006734,0.33915818,0,0,1.1221852e-06
0.457912458,0.45786178,0,0,3.1838345e-06
0.451178451,0.45037228,0,0,4.9898326e-06
0.929292929,0.92930514,1,1,0.99999845
0.868686869,0.8685468,1,1,0.99999666
0.942760943,0.9414336,0,0,1.5743527e-06
0.936026936,0.9345515,1,1,0.9973494
0.851851852,0.8499671,0,0,2.6866437e-06
0.801346801,0.8011314,1,1,0.9999939
0.872053872,0.8728815,0,0,7.9736606e-07
0.861952862,0.8620799,0,0,2.3085217e-06
0.865319865,0.868734,0,0,0.00075538765
0.892255892,0.8915357,0,0,2.7181263e-06
0.952861953,0.9531013,1,1,0.99999166
0.35016835,0.34648737,1,1,0.9999815
0.730639731,0.7342351,0,0,2.5398554e-06
0.831649832,0.833069,1,1,0.999998
0.717171717,0.7147396,0,0,1.1841942e-05
0.872053872,0.8714287,0,0,1.2335469e-06
0.575757576,0.5697459,0,0,2.7199103e-06
0.400673401,0.4021232,0,0,7.65097e-07
0.430976431,0.43174794,0,0,4.8882714e-05
0.97979798,0.97865224,0,0,9.0775916e-07
0.791245791,0.79081386,1,1,0.99999166
0.898989899,0.9005336,0,0,1.1208056e-06
0.787878788,0.7883619,0,0,1.0241379e-06
0.888888889,0.88752466,0,0,2.1807093e-06
0.885521886,0.88465416,0,0,1.4463493e-06
0.434343434,0.4356507,0,0,0.00010624604
0.410774411,0.4116355,1,1,0.9994497
0.723905724,0.71996605,0,0,1.5511039e-06
0.181818182,0.17482209,0,0,5.2850567e-07
0.734006734,0.7331852,1,1,0.9962775
0.727272727,0.7266728,0,0,2.9124214e-05
0.942760943,0.9412971,0,0,8.966523e-07
0.734006734,0.73681015,0,0,8.1398764e-05
0.939393939,0.93978673,0,0,1.3017329e-05
0.855218855,0.85316384,1,1,0.9999633
0.37037037,0.36191916,0,0,6.314318e-07
0.693602694,0.69173634,1,1,0.999998
0.804713805,0.80470866,1,1,0.99993825
0.760942761,0.7572199,0,0,7.025426e-07
0.895622896,0.8963135,0,0,1.0792918e-06
0.878787879,0.87696344,0,0,9.351777e-07
0.521885522,0.51903373,1,1,0.99999785
0.771043771,0.77247214,1,1,0.99984694
0.572390572,0.56819654,1,1,0.99772996
0.875420875,0.8752351,1,1,0.9889937
0.949494949,0.94767845,0,0,4.8512607e-06
0.824915825,0.8234898,1,1,0.9999987
0.457912458,0.4628156,0,0,3.809088e-07
0.841750842,0.8429895,1,1,0.9999969
0.956228956,0.9546302,1,1,0.9999976
0.804713805,0.8050839,0,0,8.722237e-07
0.949494949,0.9505419,0,0,1.271195e-06
0.212121212,0.21804395,0,0,1.0493849e-06
0.744107744,0.7449294,1,1,0.99999654
0.966329966,0.96629006,1,1,0.9999788
0.686868687,0.6858727,0,0,8.846126e-07
0.434343434,0.4356245,0,0,1.1585362e-06
0.895622896,0.8944546,0,0,0.00038469766
0.983164983,0.9831498,0,0,7.4875686e-07
0.895622896,0.8956961,0,0,8.5133075e-07
0.491582492,0.4934916,1,1,0.99982387
0.983164983,0.9852399,0,0,0.05685021
0.841750842,0.84365636,0,0,1.0809842e-06
0.858585859,0.85836154,1,1,0.99999726
0.882154882,0.8829025,0,0,8.596172e-07
0.818181818,0.81813216,0,0,3.644011e-06
0.676767677,0.68134165,0,0,8.952331e-07
0.599326599,0.6011921,0,0,7.527757e-07
0.609427609,0.60730004,0,0,8.408429e-07
0.929292929,0.9305557,0,0,6.0401806e-07
0.878787879,0.8790479,0,0,4.0923296e-06
0.96969697,0.9657341,1,1,0.99997056
0.491582492,0.49422914,0,0,7.4786624e-07
0.952861953,0.95578104,0,0,1.6653568e-06
0.606060606,0.60411453,0,0,2.4756171e-05
0.744107744,0.7419153,1,1,0.9999962
0.868686869,0.8682745,1,1,0.9999672
0.420875421,0.42056942,0,0,1.5843704e-06
0.764309764,0.7646802,0,0,4.8918844e-07
0.95959596,0.9592572,1,1,0.99999857
0.767676768,0.7683372,1,1,0.99999726
0.97979798,0.97825193,0,0,8.664328e-07
0.653198653,0.6518793,0,0,7.704511e-06
0.925925926,0.92642474,1,1,0.9999759
0.737373737,0.7391105,0,0,4.9413034e-06
0.922558923,0.9235721,0,0,1.3353082e-06
0.949494949,0.95018125,0,0,7.793231e-07
0.983164983,0.9837642,0,0,1.6429625e-06
0.717171717,0.7173887,0,0,1.4043521e-06
0.720538721,0.72373533,0,0,8.6921443e-07
0.96969697,0.9696481,0,0,5.8676073e-07
0.404040404,0.40520543,1,1,0.99999666
0.915824916,0.9150935,0,0,8.0573255e-07
0.956228956,0.9577777,1,1,0.9992273
0.767676768,0.768569,0,0,3.671047e-05
0.942760943,0.94230556,0,0,3.5889225e-06
0.696969697,0.6966827,0,0,1.2207498e-06
0.814814815,0.81457347,0,0,1.2708931e-06
0.828282828,0.82774174,0,0,1.4596282e-06
0.606060606,0.6039621,0,0,4.446096e-06
0.771043771,0.7707875,0,0,3.572133e-06
0.616161616,0.6207383,1,1,0.9999486
0.824915825,0.82326007,0,0,3.4798762e-05
0.865319865,0.86587375,0,0,1.1795073e-06
0.919191919,0.91974044,0,0,8.374697e-07
0.222222222,0.2235309,0,0,9.21657e-07
0.781144781,0.7810351,0,0,2.395056e-06
0.949494949,0.9511253,0,0,2.2467225e-06
0.62962963,0.6289761,0,0,1.5714802e-06
0.791245791,0.79351866,0,0,6.5215255e-07
0.898989899,0.90195495,0,0,1.8629669e-06
0.720538721,0.7191817,0,0,0.07150146
0.814814815,0.81422985,1,1,0.9999312
0.932659933,0.93255115,0,0,1.078624e-06
0.28956229,0.29246056,0,0,1.04299315e-05
0.548821549,0.54426813,0,0,2.1482606e-06
0.444444444,0.4430511,1,1,0.99983704
0.922558923,0.9250777,0,0,0.0004201082
0.673400673,0.67792916,0,0,9.268044e-07
0.801346801,0.80179095,1,1,0.9906151
0.831649832,0.8292168,1,1,0.99999654
0.764309764,0.7649207,0,0,1.171283e-06
0.868686869,0.86829114,0,0,1.4895144e-06
0.353535354,0.35387608,0,0,1.1481027e-06
0.865319865,0.86462384,0,0,1.3051996e-06
0.04040404,0.050129715,1,1,0.9999918
0.791245791,0.7910905,0,0,1.0797437e-06
0.276094276,0.27896297,1,1,0.99999774
0.797979798,0.795602,0,0,2.5647823e-06
0.902356902,0.9036765,1,1,0.9999937
0.734006734,0.7372959,0,0,0.009150697
0.69023569,0.68398726,0,0,3.4745185e-06
0.885521886,0.8861652,0,0,2.298261e-06
0.851851852,0.8521615,0,0,1.219435e-06
0.909090909,0.9089252,0,0,1.6027269e-06
0.511784512,0.5108293,0,0,1.5966368e-06
0.915824916,0.91757154,0,0,1.0236457e-06
0.909090909,0.90848285,1,1,0.99999607
0.7003367,0.69992477,1,1,0.99998975
0.771043771,0.7714275,0,0,7.040457e-07
0.781144781,0.7812378,0,0,1.1902367e-05
0.525252525,0.5280875,1,1,0.9999963
0.787878788,0.78757936,0,0,4.6304485e-06
0.595959596,0.6033772,0,0,1.2436641e-06
0.936026936,0.9365177,0,0,1.999453e-06
0.831649832,0.82981265,0,0,1.2374788e-06
0.841750842,0.8407838,0,0,1.1742322e-06
0.720538721,0.7195541,0,0,1.5634245e-06
0.848484848,0.8478944,0,0,1.3245074e-06
0.831649832,0.83206254,0,0,4.8442753e-06
0.595959596,0.59629023,0,0,9.626704e-07
0.484848485,0.49058685,0,0,9.887161e-07
0.744107744,0.7435527,0,0,1.5134138e-06
0.713804714,0.7146403,0,0,1.2459861e-06
0.437710438,0.43712762,1,1,0.99999416
0.875420875,0.875572,0,0,6.512094e-05
0.242424242,0.23578145,0,0,1.3802268e-06
0.693602694,0.6916601,1,1,0.9999912
0.96969697,0.9699433,0,0,7.7347295e-07
0.713804714,0.71428216,0,0,5.84306e-07
0.925925926,0.9250984,0,0,1.4418361e-05
0.71043771,0.712801,0,0,7.964449e-07
0.643097643,0.64014286,1,1,0.99972934
0.939393939,0.9389654,0,0,1.2441658e-06
0.451178451,0.44996893,1,1,0.9999932
0.154882155,0.15565023,1,1,0.99999774
0.95959596,0.96019876,1,1,0.9999981
0.787878788,0.7886469,0,0,1.2887086e-06
0.868686869,0.8693505,0,0,1.3136023e-06
0.936026936,0.93441963,0,0,1.8164183e-06
0.720538721,0.7211745,1,1,0.99999666
0.95959596,0.95974874,1,1,0.9999982
0.68013468,0.6810197,0,0,3.2261573e-06
0.976430976,0.97818226,1,1,0.94645363
0.882154882,0.88309735,0,0,9.145761e-07
0.754208754,0.75342274,0,0,3.1432594e-06
0.936026936,0.9364596,1,1,0.9999945
0.821548822,0.8230018,0,0,6.0442545e-07
0.734006734,0.73640746,0,0,9.180751e-07
0.754208754,0.7596988,0,0,0.00025980073
0.63973064,0.64132285,0,0,6.1556716e-07
0.98989899,0.9902692,0,0,9.791927e-07
0.973063973,0.97396624,1,1,0.999998
0.821548822,0.82150936,0,0,4.473098e-06
0.740740741,0.7423387,0,0,1.1154749e-06
0.131313131,0.13883702,0,0,7.114099e-07
1.0,0.9982611,1,1,0.9975501
0.740740741,0.74112374,0,0,3.5298733e-06
0.942760943,0.9421172,0,0,1.4278435e-06
0.966329966,0.96723866,0,0,6.344644e-07
0.437710438,0.43694746,0,0,3.901947e-06
0.7003367,0.6942474,1,1,0.99998856
0.781144781,0.7823892,0,0,1.0631803e-06
0.865319865,0.8666316,0,0,3.0960186e-06
0.922558923,0.92223686,0,0,9.2210445e-07
0.915824916,0.913089,1,1,0.99999774
0.686868687,0.685917,0,0,4.577288e-06
0.878787879,0.87848073,0,0,1.7427241e-06
0.555555556,0.55716056,0,0,9.4953685e-07
0.69023569,0.6858563,0,0,5.082706e-07
0.387205387,0.38773414,0,0,1.1229956e-06
0.818181818,0.81692886,0,0,1.0649521e-06
0.915824916,0.9155233,0,0,1.021249e-06
0.703703704,0.70832384,1,1,0.99998677
0.949494949,0.94833994,1,1,0.9998369
0.397306397,0.39904588,0,0,1.7982668e-06
0.592592593,0.59020257,1,1,0.9999194
0.555555556,0.5573337,0,0,0.00037547026
0.96969697,0.97167593,0,0,7.557666e-07
0.457912458,0.45773825,1,1,0.99999654
0.845117845,0.8454821,1,1,0.99415946
0.898989899,0.89825076,0,0,1.0950228e-06
0.141414141,0.14248578,0,0,1.0314775e-06
0.764309764,0.7622335,0,0,9.748655e-07
0.542087542,0.54661363,0,0,1.7183535e-06
0.572390572,0.57322526,1,1,0.9999957
0.161616162,0.15714575,1,1,0.99999785
0.912457912,0.9137914,0,0,6.9655437e-07
0.976430976,0.9772814,0,0,1.255563e-05
0.377104377,0.37629303,1,1,0.9999975
0.713804714,0.71066284,0,0,2.4989695e-06
0.973063973,0.97231364,0,0,4.067618e-06
0.781144781,0.781483,0,0,8.0497216e-07
0.185185185,0.18794264,0,0,6.8210863e-07
0.821548822,0.820591,0,0,1.105348e-06
0.727272727,0.72888994,0,0,1.499474e-06
0.925925926,0.9262323,0,0,2.218454e-06
0.609427609,0.608257,1,1,0.9999963
0.814814815,0.8133767,0,0,2.4304886e-06
0.946127946,0.9445358,0,0,0.00044806287
0.740740741,0.7413475,0,0,1.3300769e-06
0.946127946,0.94802344,0,0,9.582025e-07
0.976430976,0.97711337,1,1,0.9999906
0.932659933,0.9328071,1,1,0.95470476
0.851851852,0.85152185,0,0,1.2860971e-06
0.760942761,0.7627669,0,0,3.1775764e-06
0.95959596,0.95865554,1,1,0.9999964
0.784511785,0.7857462,0,0,1.29318e-06
0.774410774,0.77338177,0,0,2.0178502e-06
0.962962963,0.9623534,0,0,1.1223169e-06
0.848484848,0.8498901,1,1,0.9999963
0.515151515,0.51272005,0,0,1.02355e-06
0.794612795,0.79633105,1,1,0.99999166
0.835016835,0.83630794,0,0,4.4722583e-06
0.976430976,0.97455806,0,0,5.5367724e-05
0.734006734,0.7373203,0,0,1.9181884e-06
0.35016835,0.3468582,1,1,0.9999814
0.474747475,0.47662178,1,1,0.9999316
0.841750842,0.84168816,0,0,1.0432999e-06
0.545454545,0.54482555,0,0,9.43841e-05
0.696969697,0.6986066,0,0,0.00024624882
0.784511785,0.7847818,1,1,0.9999963
0.919191919,0.9184014,0,0,1.3537513e-05
0.703703704,0.7033964,0,0,8.9000457e-07
0.771043771,0.7706752,0,0,0.0015147676
0.080808081,0.092354335,0,0,0.0009893577
0.501683502,0.511278,0,0,1.3935323e-06
0.242424242,0.24320138,0,0,9.3974444e-07
0.915824916,0.9147192,0,0,8.092749e-07
0.646464646,0.6425252,0,0,1.938735e-06
0.801346801,0.8005634,0,0,0.0006768932
0.922558923,0.92348003,0,0,0.00017593821
0.303030303,0.2990057,0,0,8.3272795e-07
0.367003367,0.3676736,0,0,1.9514025e-06
0.781144781,0.7817863,0,0,5.6856817e-07
0.606060606,0.60225666,0,0,4.884588e-06
0.535353535,0.5346187,1,1,0.99992454
0.902356902,0.9004638,0,0,1.7818104e-06
0.915824916,0.9168774,0,0,1.2598177e-06
0.69023569,0.6911724,0,0,1.0112482e-06
0.797979798,0.7974617,0,0,5.5242992e-05
0.966329966,0.9681872,0,0,1.0894864e-06
0.865319865,0.8703659,0,0,1.3393243e-06
0.771043771,0.770934,0,0,2.0394332e-06
0.784511785,0.78215533,0,0,1.0834881e-06
0.572390572,0.56900024,0,0,1.9542742e-06
0.888888889,0.8872637,0,0,1.4903654e-06
0.606060606,0.6059285,0,0,6.188664e-07
0.872053872,0.87103117,0,0,7.787147e-06
0.841750842,0.8407796,0,0,1.8243885e-06
0.922558923,0.92184615,1,1,0.99893993
0.69023569,0.6904067,1,1,0.99999845
0.902356902,0.9018265,1,1,0.9999933
0.740740741,0.7391892,0,0,0.029574508
0.767676768,0.76961744,0,0,1.50249e-06
0.872053872,0.87068653,0,0,2.8976517e-06
0.168350168,0.17153876,1,1,0.9999945
0.784511785,0.7839186,0,0,1.8074309e-06
0.744107744,0.7437436,0,0,9.481723e-07
0.367003367,0.37076566,1,1,0.99999714
0.582491582,0.58122987,0,0,1.5255047e-06
0.424242424,0.42206785,0,0,6.3775485e-07
0.508417508,0.50809646,1,1,0.99999714
0.616161616,0.61658883,0,0,1.1557034e-06
0.993265993,0.99384487,0,0,2.229315e-06
0.784511785,0.7849378,0,0,2.0503794e-06
0.336700337,0.33917445,1,1,0.999977
0.845117845,0.8449165,0,0,6.8463337e-06
0.996632997,0.9958117,0,0,1.6970697e-06
0.996632997,0.9958755,0,0,1.7943226e-05
0.777777778,0.7783558,0,0,1.3099369e-06
0.397306397,0.3986021,1,1,0.999998
0.831649832,0.8323758,0,0,8.942944e-07
0.814814815,0.81594175,0,0,7.318075e-07
0.794612795,0.7940511,0,0,1.6762028e-06
0.666666667,0.6646332,0,0,3.3907138e-05
0.973063973,0.9730841,1,1,0.9999945
0.905723906,0.90543616,0,0,2.3780046e-06
0.744107744,0.7477388,0,0,1.5743482e-06
0.895622896,0.8946505,1,1,0.9999938
0.96969697,0.9699866,0,0,8.9514515e-07
0.249158249,0.24726093,0,0,8.095497e-06
0.915824916,0.91462743,0,0,0.00032636794
0.976430976,0.97631234,0,0,3.5873113e-06
0.801346801,0.8014245,0,0,3.4551451e-06
0.831649832,0.8317026,0,0,1.414066e-06
0.929292929,0.93017805,0,0,1.0483266e-06
0.915824916,0.91468006,0,0,6.629439e-07
0.407407407,0.41058993,0,0,4.4451763e-06
0.915824916,0.9175326,1,1,0.99998724
0.575757576,0.58113694,1,1,0.99999404
0.471380471,0.47319797,1,1,0.9999981
0.508417508,0.50611377,0,0,9.633069e-07
0.589225589,0.58804446,1,1,0.9999473
0.952861953,0.95435536,1,1,0.9999759
0.754208754,0.7551334,0,0,9.3418555e-07
0.528619529,0.5327577,1,1,0.99999416
0.757575758,0.75754553,0,0,0.0005011874
0.95959596,0.9603527,0,0,1.0154909e-06
0.754208754,0.75499713,0,0,1.3237421e-06
0.750841751,0.7466432,0,0,1.8445862e-06
0.343434343,0.34361842,0,0,1.2630212e-06
0.909090909,0.90747267,0,0,9.2212025e-07
0.962962963,0.96238875,1,1,0.99999666
0.777777778,0.7771903,0,0,1.0932332e-06
0.97979798,0.98001206,0,0,2.1981482e-06
0.740740741,0.7395111,1,1,0.9999964
0.885521886,0.88569975,0,0,2.1778662e-06
0.97979798,0.979278,0,0,1.6202606e-06
0.643097643,0.63847846,1,1,0.9999939
0.818181818,0.81840926,0,0,1.8204918e-06
0.373737374,0.37704653,0,0,8.7025705e-07
0.717171717,0.71644074,0,0,5.84306e-06
0.757575758,0.756589,1,1,0.99999285
0.821548822,0.8336251,1,1,0.99999833
0.824915825,0.82430816,0,0,1.0168145e-06
0.993265993,0.9927092,0,0,8.9989817e-07
0.791245791,0.79260224,0,0,2.886366e-06
0.239057239,0.24335934,0,0,9.077627e-07
0.801346801,0.8005634,0,0,8.4316116e-07
0.508417508,0.51033276,0,0,1.0237785e-06
0.740740741,0.7406196,0,0,1.0326773e-06
0.599326599,0.60097736,0,0,7.246818e-05
0.71043771,0.7123028,0,0,1.9424624e-06
0.956228956,0.9546302,0,0,1.0166109e-06
0.481481481,0.47410655,0,0,0.00024987804
0.63973064,0.64096224,0,0,1.3607191e-06
0.774410774,0.77216285,0,0,1.487046e-06
0.646464646,0.6461144,1,1,0.9999987
0.521885522,0.5284815,1,1,0.9991027
0.797979798,0.7985142,1,1,0.999987
0.390572391,0.39145413,0,0,4.870225e-06
0.767676768,0.768569,1,1,0.99999523
0.579124579,0.5798946,0,0,1.068796e-06
0.96969697,0.96793073,1,1,0.9999969
0.764309764,0.76429564,0,0,1.5742401e-06
0.895622896,0.89243174,0,0,1.1950499e-06
0.791245791,0.7922064,0,0,2.3039734e-06
0.676767677,0.67920023,0,0,2.0321993e-06
0.063973064,0.06391741,0,0,1.3503977e-06
0.858585859,0.85778683,0,0,1.0132339e-06
0.531986532,0.5309025,1,1,0.99564326
0.851851852,0.85006756,0,0,1.7943781e-06
0.787878788,0.7862283,0,0,9.38658e-07
0.939393939,0.938907,0,0,1.4915058e-06
0.835016835,0.83370155,0,0,2.1311077e-06
0.562289562,0.56309056,0,0,2.5850659e-06
0.976430976,0.97536695,0,0,9.927563e-07
0.95959596,0.9582105,1,1,0.99998474
0.744107744,0.7468933,0,0,0.00043685504
0.454545455,0.45039332,0,0,1.4024878e-06
0.818181818,0.81813216,0,0,1.2574302e-06
0.737373737,0.7375017,1,1,0.99999833
0.750841751,0.74923694,0,0,4.491859e-07
0.313131313,0.30828553,0,0,8.940991e-07
0.828282828,0.8321452,0,0,3.713373e-05
0.703703704,0.7036831,1,1,0.9999976
0.333333333,0.33321974,0,0,1.9421936e-06
0.757575758,0.755135,0,0,1.0084841e-06
0.67003367,0.66854906,1,1,0.9999964
0.902356902,0.9014036,1,1,0.99996233
0.272727273,0.27126607,0,0,1.453799e-06
0.565656566,0.564321,0,0,1.0637137e-06
0.966329966,0.9664017,0,0,2.6757814e-06
0.936026936,0.9373853,1,1,0.99998987
0.794612795,0.79544914,0,0,9.485748e-07
0.286195286,0.2800269,1,1,0.99998236
0.579124579,0.5784802,0,0,0.00018039899
0.925925926,0.9276719,0,0,2.4550538e-06
0.663299663,0.65798783,0,0,1.4722397e-06
0.558922559,0.557988,0,0,1.2549325e-06
0.861952862,0.8621699,1,1,0.9999968
0.98989899,0.9914857,1,1,0.99999654
0.98989899,0.99131197,0,0,1.0344288e-06
0.555555556,0.5521366,1,1,0.9999943
0.505050505,0.51225,0,0,1.6798098e-06
0.643097643,0.6434505,1,1,0.9999907
0.595959596,0.59549856,0,0,1.0188335e-06
0.511784512,0.5057105,0,0,1.2431174e-06
0.808080808,0.8068363,0,0,1.1167383e-06
0.545454545,0.5429505,1,1,0.9999968
0.696969697,0.69331753,0,0,1.0400821e-06
0.828282828,0.8288945,0,0,1.1866787e-06
0.774410774,0.7748391,0,0,1.029455e-06
0.814814815,0.8152789,0,0,7.801745e-07
0.757575758,0.7574635,0,0,1.2272236e-06
0.811447811,0.8120323,0,0,4.3250775e-06
0.7003367,0.69914997,0,0,0.00012284784
0.97979798,0.9818708,0,0,4.3296524e-07
0.461279461,0.45804554,0,0,1.1624385e-06
0.888888889,0.89041907,0,0,0.0022405365
0.804713805,0.80527836,0,0,8.346918e-07
0.808080808,0.80923426,1,1,0.99999595
0.61952862,0.62370634,0,0,1.2685052e-06
0.447811448,0.44594353,1,1,0.9999713
0.693602694,0.6949674,0,0,9.726109e-07
0.185185185,0.18871066,0,0,1.7694286e-06
0.602693603,0.6016306,1,1,0.9999924
0.936026936,0.9372675,0,0,5.207622e-07
0.622895623,0.62592435,0,0,1.909335e-06
0.962962963,0.9633803,1,1,0.9999937
0.68013468,0.6772584,0,0,1.0984891e-06
0.895622896,0.89399076,0,0,1.3484996e-06
0.781144781,0.78215605,0,0,0.0008113597
0.501683502,0.5036162,0,0,8.745453e-06
0.754208754,0.7539142,1,1,0.999998
0.777777778,0.7790539,1,1,0.999959
0.235690236,0.23287393,0,0,1.5358794e-06
0.538720539,0.5340839,0,0,5.452547e-07
0.929292929,0.9285556,0,0,4.5627552e-05
0.62962963,0.635342,0,0,1.0221971e-06
0.787878788,0.7867156,0,0,1.2046812e-06
0.925925926,0.92718583,1,1,0.99999726
0.7003367,0.69948995,0,0,1.1168545e-06
0.868686869,0.87252444,1,1,0.9999943
0.64983165,0.65073484,1,1,0.9998777
0.555555556,0.5594523,0,0,1.5867398e-06
0.865319865,0.86739194,0,0,1.6112416e-06
0.383838384,0.3794024,0,0,1.4925929e-06
0.878787879,0.8791785,0,0,2.3675553e-05
0.771043771,0.7674742,0,0,1.3717589e-06
0.919191919,0.9163031,0,0,5.735847e-06
0.444444444,0.445429,1,1,0.999995
0.902356902,0.9007613,0,0,7.0535943e-06
0.909090909,0.90921843,0,0,0.08300567
0.744107744,0.74853367,0,0,1.5439565e-06
0.973063973,0.9723888,0,0,5.498389e-07
0.69023569,0.6887092,0,0,2.2817658e-06
0.888888889,0.88961476,1,1,0.9999988
0.68013468,0.6771177,0,0,7.6218106e-07
0.996632997,0.99608666,1,1,0.9999931
0.730639731,0.73496944,1,1,0.99999523
0.734006734,0.7349972,1,1,0.99998486
0.986531987,0.9876617,0,0,3.829295e-06
0.858585859,0.8565295,0,0,1.0952682e-06
0.915824916,0.91592264,0,0,1.2299629e-06
0.986531987,0.9878262,1,1,0.99995756
0.865319865,0.86539274,0,0,3.2555095e-06
0.818181818,0.81791955,0,0,1.2430166e-06
0.895622896,0.8954657,1,1,0.99997294
0.215488215,0.2140483,1,1,0.9999968
0.747474747,0.74694914,0,0,1.2373513e-05
0.171717172,0.172444,0,0,1.6431082e-06
0.885521886,0.883836,0,0,1.0172703e-05
0.801346801,0.79984844,0,0,2.6052687e-06
0.420875421,0.41335136,0,0,6.077832e-07
0.632996633,0.6356834,0,0,1.33314e-06
0.774410774,0.7740631,1,1,0.999998
0.96969697,0.9715987,0,0,1.3774693e-06
0.727272727,0.7273718,1,1,0.99999666
0.848484848,0.8457767,0,0,1.0861356e-06
0.491582492,0.49833116,0,0,1.8217845e-05
0.838383838,0.83900416,0,0,3.162665e-05
0.296296296,0.2953372,0,0,1.9761117e-06
0.848484848,0.85382503,1,1,0.99999666
0.791245791,0.7895895,0,0,1.124629e-06
0.771043771,0.77205426,0,0,1.5967038e-06
0.851851852,0.8489859,1,1,0.9999875
0.727272727,0.729525,1,1,0.9999839
0.744107744,0.7439984,0,0,2.2322488e-06
0.777777778,0.77890944,0,0,1.1471592e-06
0.96969697,0.96704775,0,0,8.581571e-06
0.521885522,0.52033186,0,0,5.0550007e-06
0.777777778,0.7762706,0,0,3.5104863e-06
0.511784512,0.5089147,0,0,2.2121815e-06
0.983164983,0.9826709,1,1,0.9999808
0.905723906,0.9058897,0,0,9.4456044e-07
0.683501684,0.6821414,0,0,1.5202777e-06
0.851851852,0.85061294,1,1,0.99999774
0.784511785,0.7841503,0,0,1.094625e-06
0.872053872,0.8738061,0,0,8.75372e-07
0.62962963,0.63077956,0,0,3.770075e-06
0.845117845,0.8430202,0,0,6.4163424e-07
0.760942761,0.7645715,0,0,8.901642e-07
0.390572391,0.39533895,1,1,0.99999154
0.781144781,0.78206,0,0,2.2438553e-06
0.228956229,0.23507972,0,0,8.4755254e-07
0.946127946,0.94818723,1,1,0.90593714
0.898989899,0.9010656,0,0,7.461251e-07
0.518518519,0.5179434,0,0,0.00027197434
0.572390572,0.5719246,0,0,1.3266464e-06
0.737373737,0.73402375,0,0,1.1625992e-06
0.821548822,0.82356167,0,0,2.1855728e-06
0.744107744,0.74445784,0,0,3.248395e-06
0.272727273,0.2664559,0,0,9.687867e-07
0.828282828,0.82920825,0,0,5.128651e-07
0.895622896,0.89784867,0,0,8.094463e-07
0.747474747,0.7451872,0,0,1.3983969e-06
0.929292929,0.9288056,0,0,5.756149e-06
0.693602694,0.6955517,1,1,0.99996674
0.976430976,0.9763148,1,1,0.9999944
0.922558923,0.9232906,1,1,0.99997985
0.952861953,0.9528368,0,0,5.6947493e-07
0.306397306,0.30242965,0,0,2.025182e-06
0.851851852,0.85448074,0,0,9.455329e-07
0.542087542,0.53674746,0,0,2.6303535e-06
0.895622896,0.8962837,0,0,2.9992766e-06
0.888888889,0.89041907,1,1,0.9999763
0.37037037,0.37043315,0,0,1.3241133e-06
0.606060606,0.60600966,0,0,1.028304e-06
0.811447811,0.81109464,0,0,1.1739345e-06
0.912457912,0.91335315,0,0,0.011130203
0.821548822,0.8219553,0,0,2.5681773e-06
0.740740741,0.74446726,0,0,1.3896254e-06
0.656565657,0.6584264,1,1,0.9952331
0.925925926,0.9238023,0,0,6.2777194e-06
0.622895623,0.62341315,1,1,0.9999969
0.595959596,0.5934468,0,0,9.78976e-07
0.797979798,0.7967783,0,0,2.6442372e-06
0.787878788,0.7887541,1,1,0.99999344
0.952861953,0.9523788,0,0,1.6267417e-06
0.760942761,0.7589778,0,0,8.401247e-07
0.952861953,0.95287716,0,0,1.8689746e-06
0.811447811,0.8112137,0,0,2.7663686e-05
0.626262626,0.6265639,0,0,1.2666762e-06
0.569023569,0.56767946,0,0,3.9369675e-07
0.265993266,0.2643668,0,0,2.6097398e-06
0.64983165,0.6463206,0,0,8.7066707e-07
0.818181818,0.8169146,1,1,0.99950814
0.811447811,0.8126041,0,0,1.9547551e-06
0.878787879,0.8763031,0,0,8.4562527e-07
0.848484848,0.84833115,0,0,1.8001389e-06
0.942760943,0.94296414,0,0,1.1148697e-06
0.717171717,0.7144616,1,1,0.9999832
0.67003367,0.6656295,0,0,7.426233e-07
0.794612795,0.79392403,0,0,1.1413789e-06
0.868686869,0.8682745,1,1,0.999997
0.892255892,0.8883465,0,0,9.917816e-07
0.777777778,0.7764505,1,1,0.99999404
0.777777778,0.77867424,1,1,0.99998856
0.707070707,0.7072321,0,0,1.1237231e-06
0.973063973,0.9733355,0,0,8.075725e-06
0.96969697,0.9717091,1,1,0.99916065
0.942760943,0.9423552,1,1,0.99999857
0.835016835,0.83556104,0,0,1.064625e-06
0.902356902,0.90415525,0,0,9.2702095e-07
0.787878788,0.78796196,0,0,2.728369e-06
0.976430976,0.97850746,0,0,9.367306e-06
0.845117845,0.84610194,1,1,0.9396692
0.841750842,0.84386176,1,1,0.9999931
0.888888889,0.8892444,1,1,0.99998915
0.717171717,0.71718377,0,0,9.888661e-07
0.831649832,0.8292326,0,0,0.00011424411
0.28956229,0.28876737,0,0,9.971191e-07
0.784511785,0.78320706,0,0,2.327209e-06
0.760942761,0.7591982,1,1,0.9999926
0.939393939,0.9377282,1,1,0.99940133
0.643097643,0.64349484,0,0,1.5488895e-05
0.888888889,0.8867336,1,1,0.9582375
0.841750842,0.8396462,0,0,9.111747e-07
0.616161616,0.61449987,1,1,0.995983
0.909090909,0.9093924,0,0,8.390638e-07
0.983164983,0.9844903,0,0,9.065385e-06
0.831649832,0.83003724,0,0,1.2562292e-06
0.858585859,0.85770947,0,0,2.526327e-06
0.912457912,0.9103596,0,0,6.4470933e-06
0.868686869,0.86886674,0,0,1.5037601e-06
0.808080808,0.80909,0,0,0.45736757
0.04040404,0.03567116,0,0,6.830577e-07
0.909090909,0.9099394,0,0,8.854499e-07
0.973063973,0.9722239,0,0,3.1253462e-06
0.713804714,0.7143892,0,0,7.3158355e-07
0.838383838,0.84023666,0,0,1.466837e-06
0.730639731,0.7312711,1,1,0.9999969
0.828282828,0.8284573,0,0,1.4578571e-06
0.96969697,0.96925473,0,0,1.0711225e-06
0.575757576,0.5725365,0,0,0.0002002856
0.764309764,0.76662725,1,1,0.999992
0.720538721,0.7243619,0,0,3.1607844e-06
0.878787879,0.87635887,0,0,1.1421508e-06
0.276094276,0.28011718,0,0,1.3972518e-06
0.949494949,0.95062184,0,0,1.5549028e-06
0.481481481,0.48228148,0,0,1.3661047e-06
0.855218855,0.8556882,0,0,1.1831576e-06
0.835016835,0.8354723,0,0,1.1304421e-06
0.882154882,0.8826484,0,0,8.558389e-07
0.646464646,0.64208317,0,0,1.4380311e-06
0.303030303,0.30031374,0,0,1.0387271e-06
0.835016835,0.83558446,0,0,8.8863067e-07
0.740740741,0.7383635,1,1,0.9999943
0.754208754,0.7559888,0,0,1.1015197e-06
0.811447811,0.81188536,0,0,7.854975e-07
0.791245791,0.79049957,0,0,1.5843583e-06
0.535353535,0.5408578,0,0,2.5009915e-06
0.986531987,0.98484963,0,0,2.4363853e-06
0.771043771,0.77074313,0,0,1.0658513e-06
0.932659933,0.9316737,1,1,0.9999956
0.966329966,0.96598303,1,1,0.9999974
0.363636364,0.36994523,0,0,9.3932334e-07
0.552188552,0.551956,1,1,0.999997
0.875420875,0.8755091,0,0,1.0455768e-06
0.447811448,0.4447964,1,1,0.9999951
0.828282828,0.8282311,1,1,0.99999595
0.939393939,0.93996,0,0,5.449544e-06
0.828282828,0.82481414,0,0,8.163809e-07
0.868686869,0.8677109,1,1,0.99999845
0.97979798,0.98005533,0,0,8.8695845e-07
0.915824916,0.91733915,1,1,0.99999297
0.919191919,0.92077726,1,1,0.9999646
0.781144781,0.7806002,1,1,0.99979633
0.740740741,0.7410382,0,0,1.2909744e-06
0.69023569,0.68908626,0,0,1.294346e-06
0.936026936,0.936534,0,0,1.2053247e-06
0.976430976,0.97545,0,0,1.8717428e-06
0.363636364,0.36437944,0,0,7.9065705e-07
0.430976431,0.42490748,1,1,0.9950477
0.535353535,0.52977556,0,0,0.0003578927
0.828282828,0.82718444,1,1,0.9999863
0.569023569,0.5660769,0,0,1.1189387e-06
0.673400673,0.6717803,0,0,6.5248474e-07
0.434343434,0.43545565,1,1,0.99995875
0.801346801,0.8014922,1,1,0.9999962
0.390572391,0.39062148,1,1,0.99999034
0.444444444,0.44379804,0,0,6.312686e-07
0.276094276,0.2770112,0,0,2.511515e-06
0.063973064,0.0625576,0,0,0.027932795
0.902356902,0.9018624,0,0,1.3803505e-06
0.777777778,0.77805305,0,0,3.422658e-06
0.936026936,0.9364381,1,1,0.9999949
0.521885522,0.52576035,1,1,0.9999883
0.636363636,0.6348975,1,1,0.9999907
0.858585859,0.8605999,0,0,7.1475574e-07
0.942760943,0.9417269,0,0,2.3812613e-06
0.949494949,0.94966334,0,0,0.00012647109
0.212121212,0.21099502,0,0,9.920029e-07
0.717171717,0.71932447,0,0,1.9713232e-06
0.656565657,0.65565777,0,0,0.0005700068
0.966329966,0.96716297,0,0,1.7687622e-06
0.97979798,0.9786489,1,1,0.99999857
0.276094276,0.2734284,0,0,7.1520986e-07
0.303030303,0.30680713,0,0,9.017968e-07
0.501683502,0.50113153,1,1,0.9998703
0.848484848,0.84930485,0,0,6.354485e-07
0.98989899,0.99233574,0,0,1.1768792e-06
0.696969697,0.6981507,0,0,7.5167594e-07
0.777777778,0.7802343,0,0,2.8013826e-06
0.441077441,0.45330828,1,1,0.9995221
0.720538721,0.7131134,0,0,1.4564897e-06
0.434343434,0.42744273,0,0,5.879449e-06
0.666666667,0.66726995,0,0,9.2303003e-07
0.865319865,0.86730665,0,0,1.8398496e-06
0.616161616,0.61666,0,0,2.3064551e-06
0.98989899,0.98989075,0,0,9.5580535e-06
1.0,1.0003868,1,1,0.9999666
0.585858586,0.58165765,1,1,0.99999666
0.441077441,0.45350537,0,0,1.6630777e-06
0.622895623,0.6236861,0,0,4.3339587e-06
0.804713805,0.80494076,0,0,2.0879024e-06
0.723905724,0.72835356,1,1,0.9999969
0.784511785,0.7867764,0,0,9.889717e-07
0.757575758,0.7567799,0,0,1.432672e-06
0.855218855,0.85768867,0,0,1.7995897e-06
0.750841751,0.7475185,0,0,3.9787852e-07
0.545454545,0.5462888,0,0,1.4321296e-06
0.521885522,0.52362037,0,0,8.4293924e-07
0.441077441,0.43319693,0,0,1.0348058e-06
0.996632997,0.9970086,1,1,0.99998534
0.824915825,0.8227849,1,1,0.99999654
0.851851852,0.8546988,1,1,0.9999732
0.915824916,0.91572446,0,0,3.015024e-06
0.461279461,0.4606899,1,1,0.9999963
0.835016835,0.8366958,0,0,1.8249714e-06
0.622895623,0.6254368,1,1,0.9999968
0.703703704,0.7047981,0,0,2.0652787e-06
0.835016835,0.8335515,0,0,1.2909214e-06
0.727272727,0.7288413,0,0,1.9521453e-06
0.569023569,0.56916994,0,0,9.827177e-07
0.794612795,0.7946149,0,0,3.010898e-06
0.936026936,0.9353447,0,0,4.180767e-06
0.996632997,0.99708253,0,0,1.9510267e-06
0.538720539,0.5393377,0,0,4.4510924e-07
0.898989899,0.90010506,0,0,8.238162e-06
0.858585859,0.86158633,1,1,0.9999982
0.841750842,0.8405336,0,0,1.0584739e-06
0.575757576,0.5760952,0,0,1.2554808e-06
0.393939394,0.39654505,0,0,1.1457215e-06
0.326599327,0.32373184,0,0,1.927618e-06
0.703703704,0.7083409,1,1,0.99999857
0.747474747,0.74731565,0,0,5.036009e-06
0.851851852,0.8488433,1,1,0.99999523
0.797979798,0.80038315,1,1,0.9998827
0.363636364,0.364359,0,0,1.4917348e-06
0.740740741,0.74166125,1,1,0.9999924
0.949494949,0.95151687,0,0,8.6256773e-07
0.888888889,0.88903975,1,1,0.99999774
0.814814815,0.8143611,0,0,2.286349e-06
0.61952862,0.61896294,0,0,8.4995816e-07
0.676767677,0.67233574,0,0,7.905116e-07
0.878787879,0.87755746,0,0,1.4577776e-05
0.895622896,0.89447534,0,0,9.889538e-07
0.996632997,0.99634457,0,0,2.0645757e-06
0.781144781,0.7824039,0,0,1.1318737e-06
0.905723906,0.9069801,0,0,8.813403e-07
0.865319865,0.86576766,0,0,1.1689094e-06
0.582491582,0.57788634,1,1,0.99995136
0.767676768,0.768347,1,1,0.99955815
0.845117845,0.8435287,0,0,1.6054178e-06
0.993265993,0.99331117,0,0,1.0743993e-06
0.841750842,0.8446643,0,0,9.840513e-07
0.942760943,0.94233775,0,0,6.2912886e-06
0.787878788,0.78980064,0,0,6.082359e-06
0.757575758,0.759771,1,1,0.9999974
0.666666667,0.66898906,0,0,0.027094116
0.552188552,0.5525639,0,0,7.34718e-07
0.609427609,0.60972184,0,0,1.3804664e-06
0.925925926,0.9269208,1,1,0.9999988
0.720538721,0.71498847,0,0,3.7638565e-05
0.949494949,0.94781005,0,0,7.135828e-06
0.784511785,0.78634006,0,0,1.3319974e-06
0.723905724,0.72242254,0,0,8.4773155e-06
0.966329966,0.96747655,0,0,1.1049001e-06
0.905723906,0.9036569,1,1,0.999995
0.693602694,0.6923191,0,0,1.4523038e-06
0.97979798,0.9782329,1,1,0.99998236
0.471380471,0.46949485,1,1,0.9999962
0.821548822,0.820382,0,0,5.92437e-07
0.801346801,0.80248296,1,1,0.9999778
0.939393939,0.94001335,0,0,2.1530927e-06
0.575757576,0.5771917,0,0,3.1039742e-06
0.919191919,0.9178254,0,0,7.1475984e-07
0.905723906,0.902849,0,0,6.460785e-07
0.925925926,0.9258918,1,1,0.9999138
0.562289562,0.5631234,1,1,0.9999987
0.484848485,0.48452255,0,0,7.581673e-06
0.835016835,0.83760625,0,0,5.8548185e-06
0.757575758,0.7592342,0,0,1.2243466e-06
0.32996633,0.3295489,0,0,3.0859433e-06
0.855218855,0.8534215,0,0,1.4507269e-05
0.831649832,0.83188206,1,1,0.99999666
0.703703704,0.70001227,1,1,0.99999774
0.912457912,0.91409606,0,0,1.211348e-06
0.875420875,0.87408066,0,0,1.2974456e-06
0.797979798,0.7987572,1,1,0.9999981
0.868686869,0.867815,0,0,1.2638792e-06
0.838383838,0.837466,0,0,8.170833e-06
0.508417508,0.5110839,0,0,6.34466e-06
0.868686869,0.8676121,0,0,1.69482e-06
0.966329966,0.96790105,0,0,1.1051225e-06
0.831649832,0.83341885,0,0,2.2985657e-06
0.609427609,0.60772634,0,0,1.253588e-06
0.693602694,0.69229466,1,1,0.9999957
0.68013468,0.68215525,1,1,0.99876165
0.905723906,0.90484405,0,0,0.0006128936
0.61952862,0.61540776,0,0,7.0341815e-07
0.636363636,0.6396401,1,1,0.99999475
0.784511785,0.7834534,0,0,1.1082877e-06
0.747474747,0.74947464,0,0,6.474225e-07
0.750841751,0.7509252,0,0,1.5484628e-06
0.245791246,0.2565149,0,0,2.4254916e-06
0.811447811,0.81147915,0,0,1.9330082e-06
0.821548822,0.8217215,0,0,1.5539303e-05
0.518518519,0.51409644,0,0,1.2230805e-06
0.501683502,0.501898,0,0,1.5008703e-06
0.61952862,0.6228118,1,1,0.99997795
0.878787879,0.87801284,0,0,1.1675146e-06
0.888888889,0.88896996,1,1,0.9999968
0.707070707,0.70994717,0,0,1.2042448e-06
0.905723906,0.90700203,0,0,1.8111475e-06
0.821548822,0.8249517,1,1,0.9999958
0.774410774,0.77239645,0,0,4.544644e-06
0.7003367,0.70154995,0,0,4.0943632e-06
0.848484848,0.8495673,0,0,2.9311539e-05
0.838383838,0.84371537,0,0,8.4436255e-07
0.326599327,0.32819545,1,1,0.99999857
0.7003367,0.6992265,1,1,0.99998045
0.801346801,0.8037128,0,0,4.6245694e-07
0.771043771,0.7674007,0,0,0.00019762453
1.0,0.9982634,0,0,0.00043497555
0.929292929,0.93012935,1,1,0.9623053
0.343434343,0.34116206,1,1,0.99999833
0.966329966,0.9668749,0,0,0.000117605334
0.868686869,0.8688342,0,0,1.3594207e-06
0.838383838,0.8385171,0,0,1.3605907e-06
0.808080808,0.80849797,0,0,1.3879737e-06
0.956228956,0.9546302,0,0,1.6089476e-06
0.723905724,0.72468084,1,1,0.9993912
0.973063973,0.9727054,0,0,2.5558336e-06
0.929292929,0.9288295,1,1,0.99999416
0.966329966,0.96747655,0,0,1.2427997e-06
0.868686869,0.86775076,0,0,1.3884319e-06
0.555555556,0.55731684,0,0,1.2228227e-06
0.632996633,0.63262355,0,0,2.5169172e-06
0.764309764,0.7667803,0,0,1.3800084e-06
0.737373737,0.74063605,0,0,9.464495e-07
0.750841751,0.7489552,0,0,9.528062e-05
0.114478114,0.10900384,1,1,0.99999404
0.744107744,0.7449891,1,1,0.9999975
0.808080808,0.80721575,1,1,0.99999857
0.97979798,0.9794416,0,0,7.3970796e-06
0.764309764,0.7652773,0,0,5.9915527e-07
0.562289562,0.5620583,1,1,0.99999416
0.734006734,0.7345221,0,0,1.6371051e-06
0.717171717,0.7195052,1,1,0.9999956
0.124579125,0.12354104,0,0,6.066424e-07
0.895622896,0.8986314,1,1,0.99999547
0.427609428,0.42600247,0,0,1.0139502e-06
0.95959596,0.96106267,1,1,0.9999335
0.757575758,0.758181,0,0,8.224473e-07
0.734006734,0.7360957,1,1,0.9999988
0.808080808,0.8070813,1,1,0.9997526
0.65993266,0.6613657,0,0,2.2765146e-06
0.925925926,0.9247414,0,0,8.935843e-07
0.744107744,0.7448683,0,0,1.5783004e-06
0.377104377,0.38029283,0,0,1.0370484e-06
0.764309764,0.76525944,0,0,0.012021201
0.976430976,0.9773835,1,1,0.999997
0.35016835,0.3452409,1,1,0.9996333
0.774410774,0.7736894,0,0,4.7871986e-06
0.781144781,0.78149265,0,0,9.75405e-07
0.353535354,0.3501674,0,0,8.821223e-07
0.740740741,0.7411661,1,1,0.9999988
0.249158249,0.25687143,0,0,7.084107e-07
0.454545455,0.45765138,0,0,7.1876747e-07
0.62962963,0.6287495,0,0,7.044251e-06
0.760942761,0.76063395,0,0,1.4554928e-06
0.865319865,0.8666068,0,0,9.408304e-07
0.96969697,0.9702079,0,0,1.1255754e-06
0.824915825,0.8260307,1,1,0.9997844
0.316498316,0.3147357,0,0,2.9591597e-06
0.62962963,0.63276684,0,0,1.3703572e-06
0.993265993,0.9927473,0,0,1.5413187e-06
0.882154882,0.8823701,1,1,0.9999976
0.518518519,0.5175752,0,0,6.5887843e-07
0.777777778,0.7778005,1,1,0.99935204
0.441077441,0.43901712,0,0,2.6509078e-06
0.723905724,0.72238386,1,1,0.999997
0.131313131,0.13349448,0,0,4.264156e-06
0.653198653,0.65183496,0,0,1.0210425e-06
0.764309764,0.7642809,1,1,0.999998
0.154882155,0.14692108,0,0,2.8767479e-06
0.131313131,0.13282411,0,0,9.52867e-07
0.868686869,0.86777914,1,1,0.9999974
0.97979798,0.9785096,0,0,3.1387242e-06
0.98989899,0.99052495,1,1,0.99999595
0.983164983,0.98296756,0,0,1.6200333e-06
0.71043771,0.7090092,1,1,0.99998224
0.707070707,0.70796925,0,0,2.9421944e-06
0.861952862,0.8630838,1,1,0.99999726
0.387205387,0.38646564,1,1,0.9999807
0.95959596,0.9583693,0,0,1.0198708e-06
0.797979798,0.7980233,0,0,7.1991475e-05
0.703703704,0.70326513,1,1,0.9999938
0.097643098,0.10577293,0,0,7.0730897e-07
0.952861953,0.9534267,0,0,8.933049e-06
0.37037037,0.3693549,1,1,0.99986196
0.28956229,0.29063472,0,0,1.1139515e-06
0.474747475,0.48151132,1,1,0.99999833
0.68013468,0.6809869,1,1,0.9998103
0.242424242,0.23577373,1,1,0.999995
0.898989899,0.8999751,0,0,1.2508759e-06
0.902356902,0.90375006,0,0,8.876008e-07
0.956228956,0.95969975,1,1,0.99999845
0.346801347,0.34706905,0,0,1.2175897e-06
0.65993266,0.6573956,1,1,0.9999918
0.892255892,0.8913293,0,0,1.8264827e-06
0.828282828,0.8310206,1,1,0.99999833
0.797979798,0.79941314,0,0,3.4909926e-06
0.845117845,0.84651476,0,0,1.7181175e-06
0.451178451,0.45119646,1,1,0.9998981
0.555555556,0.550763,0,0,1.271087e-06
0.851851852,0.85306114,0,0,6.217406e-06
0.255892256,0.25197205,1,1,0.9999782
0.858585859,0.8570022,0,0,2.9033613e-06
0.424242424,0.42531824,0,0,9.532942e-07
0.740740741,0.74098516,1,1,0.99999595
0.868686869,0.86769706,0,0,9.99158e-07
0.515151515,0.51537544,0,0,1.2917329e-06
0.01010101,0.007851782,1,1,0.9999105
0.286195286,0.27860063,0,0,1.8446988e-06
0.976430976,0.9753362,0,0,9.923446e-07
0.296296296,0.28919432,0,0,4.0222963e-06
0.787878788,0.7881042,0,0,1.040347e-06
0.858585859,0.8591047,0,0,9.177845e-07
0.845117845,0.8431588,1,1,0.9999987
0.747474747,0.74967235,0,0,1.5980382e-06
0.905723906,0.90677464,0,0,1.4448067e-06
0.498316498,0.49685192,1,1,0.9999975
0.872053872,0.87348574,1,1,0.99999464
0.646464646,0.64641434,0,0,7.7865377e-07
0.717171717,0.71519077,0,0,2.317039e-05
0.488215488,0.48173594,1,1,0.99999845
0.791245791,0.7895895,0,0,1.858254e-06
0.740740741,0.7381738,1,1,0.9999901
0.777777778,0.7763443,1,1,0.99999416
0.861952862,0.86234057,0,0,6.6882053e-06
0.956228956,0.95706433,0,0,2.737217e-06
0.973063973,0.970215,0,0,4.1322687e-06
0.801346801,0.80148214,0,0,6.2817884e-07
0.781144781,0.78177094,0,0,5.236452e-07
0.95959596,0.9581165,0,0,2.4752414e-06
0.764309764,0.76641214,1,1,0.99999225
0.777777778,0.77805376,1,1,0.9999832
0.895622896,0.898019,0,0,1.2929667e-06
0.555555556,0.5536108,0,0,1.2420438e-06
0.952861953,0.95344555,0,0,1.5938817e-06
1.0,0.99891686,0,0,2.7959377e-06
0.868686869,0.8690903,1,1,0.9999956
0.794612795,0.792853,0,0,1.4561856e-06
0.589225589,0.59254974,0,0,6.8041095e-07
0.814814815,0.8194626,1,1,0.99998903
0.909090909,0.907838,0,0,3.4170157e-06
0.552188552,0.5545029,0,0,9.936816e-07
0.878787879,0.8799796,0,0,3.2099165e-06
0.777777778,0.77760786,0,0,1.2155291e-06
0.531986532,0.5293254,1,1,0.9999404
0.558922559,0.5574881,0,0,0.0052835713
0.97979798,0.978038,1,1,0.99994254
0.828282828,0.8275691,0,0,8.8886037e-07
0.673400673,0.67215264,0,0,2.449795e-05
0.95959596,0.95771825,0,0,2.545316e-06
0.777777778,0.77784485,0,0,3.6042202e-06
0.865319865,0.8662881,1,1,0.9999877
0.575757576,0.5757746,1,1,0.9999982
0.144781145,0.14883475,1,1,0.99999726
0.707070707,0.7061363,0,0,0.0016526985
0.858585859,0.85816485,0,0,2.7278668e-06
0.838383838,0.8395237,0,0,4.2440092e-06
0.929292929,0.92981035,0,0,1.9956678e-06
0.878787879,0.8790101,0,0,1.1585936e-06
0.71043771,0.7149927,0,0,6.10843e-05
0.410774411,0.40775296,0,0,1.0305552e-06
0.717171717,0.7217975,0,0,1.5243572e-06
0.848484848,0.85050005,0,0,0.0010083028
0.936026936,0.93588936,0,0,6.9609155e-07
0.797979798,0.79649967,0,0,2.9434207e-06
0.956228956,0.9576443,0,0,1.2378908e-06
0.437710438,0.44278046,1,1,0.9979394
0.925925926,0.92545694,0,0,1.4227259e-06
0.868686869,0.86683404,0,0,1.3090714e-06
0.575757576,0.57849526,1,1,0.9995285
0.713804714,0.71574545,0,0,2.79911e-06
0.185185185,0.19417897,1,1,0.9999794
0.942760943,0.94485456,0,0,9.503505e-07
0.96969697,0.9697811,1,1,0.9999976
0.69023569,0.68945795,1,1,0.99995697
0.902356902,0.9012963,0,0,8.1846156e-07
0.909090909,0.91015786,0,0,1.9421325e-06
0.922558923,0.92033964,1,1,0.9999933
0.71043771,0.7097378,0,0,4.9854093e-06
0.636363636,0.63747114,0,0,8.221242e-07
0.336700337,0.3360298,1,1,0.9999864
0.62962963,0.62846833,1,1,0.9999974
0.245791246,0.24124958,0,0,1.0585223e-06
0.841750842,0.8417225,1,1,0.99987614
0.882154882,0.8832976,1,1,0.9999969
0.696969697,0.6955716,1,1,0.9999833
0.929292929,0.9294819,0,0,2.0219766e-06
0.821548822,0.8214564,0,0,1.1934121e-06
0.922558923,0.9214539,0,0,1.581288e-06
0.882154882,0.8800312,0,0,3.0804636e-05
0.212121212,0.2172032,0,0,6.8193503e-06
0.569023569,0.5701828,0,0,2.3160075e-05
0.262626263,0.2594335,1,1,0.99999785
0.717171717,0.71909964,0,0,2.6507245e-05
0.771043771,0.7692906,0,0,3.342875e-06
0.96969697,0.96967024,0,0,1.0895467e-06
0.538720539,0.5379565,1,1,0.99999654
0.676767677,0.68126196,1,1,0.99999595
0.986531987,0.9882647,1,1,0.9999553
0.740740741,0.7426539,0,0,1.4971378e-06
0.868686869,0.8683052,1,1,0.99999535
0.888888889,0.89051634,1,1,0.99999833
0.589225589,0.5870717,0,0,9.956709e-07
0.838383838,0.8399493,1,1,0.99987495
0.858585859,0.85879993,0,0,5.3551224e-07
0.942760943,0.94332993,1,1,0.9999939
0.579124579,0.5739676,1,1,0.9999976
0.36026936,0.36016035,0,0,8.138987e-07
0.720538721,0.72250646,1,1,0.9999964
0.905723906,0.9054987,0,0,7.430405e-07
0.932659933,0.9333547,1,1,0.99999344
0.737373737,0.736069,0,0,2.9230507e-06
0.966329966,0.9674002,0,0,1.0332526e-06
0.777777778,0.7803406,1,1,0.99999547
0.545454545,0.5424141,0,0,9.815612e-06
0.801346801,0.8038146,1,1,0.999998
0.303030303,0.30562055,1,1,0.9999957
0.67003367,0.66941386,0,0,2.707653e-06
0.656565657,0.656502,0,0,8.3107693e-07
0.875420875,0.87524635,1,1,0.9999975
0.952861953,0.95250976,0,0,1.2240105e-06
0.848484848,0.84678394,0,0,1.1586898e-06
0.760942761,0.7617783,0,0,7.3015585e-06
0.464646465,0.46770698,0,0,0.00019511467
0.387205387,0.3785967,0,0,1.2955488e-06
0.932659933,0.9318242,0,0,0.0006375545
0.973063973,0.9743149,0,0,0.0018222436
0.882154882,0.8833874,0,0,2.645657e-06
0.973063973,0.97365916,0,0,2.087974e-06
0.626262626,0.626386,0,0,6.754657e-07
0.996632997,0.9952494,0,0,0.0018903005
0.902356902,0.90311486,1,1,0.9999976
0.929292929,0.93001235,0,0,8.83929e-05
0.730639731,0.72949547,0,0,8.1558636e-07
0.552188552,0.5534161,1,1,0.9999933
0.663299663,0.6620595,0,0,9.2171143e-07
0.821548822,0.8235122,0,0,1.0409137e-06
0.848484848,0.84869725,0,0,1.7899839e-06
0.276094276,0.27749664,1,1,0.9999981
0.855218855,0.8557878,0,1,0.95773476
0.885521886,0.8878992,0,0,0.005245448
0.720538721,0.71854967,1,1,0.999997
0.831649832,0.8338388,0,0,9.4517947e-07
0.936026936,0.9359586,0,0,0.00012940273
0.508417508,0.51043195,1,1,0.9999975
0.373737374,0.37042278,0,0,9.2780635e-07
0.845117845,0.8431734,1,1,0.9999478
0.441077441,0.44318902,0,0,1.1502365e-06
0.801346801,0.8030033,0,0,6.9372635e-07
0.841750842,0.8402736,0,0,1.1635287e-06
0.589225589,0.5920656,0,0,9.609992e-07
0.936026936,0.9357954,1,1,0.99998486
0.515151515,0.5163202,0,0,9.2063e-07
0.97979798,0.97851425,0,0,5.2499604e-06
0.929292929,0.92915004,0,0,1.1315574e-06
0.37037037,0.3757522,1,1,0.99999857
0.663299663,0.66665304,0,0,1.2480043e-06
0.67003367,0.6699114,0,0,9.135727e-06
0.892255892,0.89505124,0,0,8.139258e-06
0.791245791,0.7921454,0,0,1.1133206e-06
0.525252525,0.52407974,0,0,1.0992038e-06
0.818181818,0.8178291,0,0,2.4393357e-06
0.407407407,0.40623245,1,1,0.9999956
0.875420875,0.8770638,0,0,1.1231349e-06
0.784511785,0.7850028,1,1,0.99999714
0.306397306,0.30119443,0,0,3.92136e-06
0.875420875,0.8763344,0,0,1.1568227e-06
0.868686869,0.8700694,1,1,0.99997926
0.151515152,0.15489131,0,0,5.891253e-06
0.373737374,0.37015086,0,0,8.505621e-05
0.872053872,0.86963445,0,0,0.0012878248
0.872053872,0.87216073,0,0,3.2681848e-05
0.400673401,0.40450343,1,1,0.9999944
0.744107744,0.74630046,0,0,2.1245594e-06
0.841750842,0.84118176,0,0,1.3925293e-06
0.95959596,0.96075505,0,0,0.00024738756
0.892255892,0.8895538,0,0,2.2138995e-06
0.781144781,0.78385186,0,0,2.2448548e-06
0.912457912,0.90984225,0,0,6.3598014e-07
0.888888889,0.8893349,1,1,0.9999951
0.511784512,0.5180585,0,0,1.1126074e-06
0.562289562,0.5574207,1,1,0.9999739
0.538720539,0.5404852,0,0,2.4767903e-06
0.30976431,0.31110638,0,0,1.0138622e-06
0.296296296,0.3004546,0,0,8.8390516e-07
0.333333333,0.33392692,1,1,0.99999857
0.430976431,0.4333758,0,0,1.2957922e-06
0.720538721,0.72437125,1,1,0.9999925
0.868686869,0.8696766,0,0,0.00484051
0.865319865,0.8644512,0,0,1.7007038e-06
0.521885522,0.52040756,1,1,0.99999595
0.565656566,0.5671583,0,0,8.1408507e-07
0.956228956,0.95643747,0,0,1.4931979e-06
0.484848485,0.48708424,0,0,2.8922243e-06
0.7003367,0.6993921,0,0,3.0653232e-06
0.909090909,0.9094163,0,0,1.5339647e-06
0.892255892,0.8914002,1,1,0.9999958
0.730639731,0.7305224,1,1,0.9999553
0.902356902,0.90079165,0,0,2.2498593e-06
0.956228956,0.95790964,0,0,0.041844618
0.872053872,0.8720204,1,1,0.99998593
0.235690236,0.23267081,0,0,1.6041934e-06
0.828282828,0.82629794,0,0,1.0126544e-06
0.572390572,0.57499903,1,1,0.99998844
0.723905724,0.7259758,0,0,3.2862533e-06
0.828282828,0.82650584,1,1,0.99988353
0.63973064,0.636593,0,0,1.4681984e-05
0.63973064,0.63760865,1,1,0.9999969
0.919191919,0.9186073,0,0,3.0261e-06
0.723905724,0.72081214,0,0,9.4846985e-07
0.740740741,0.74081737,0,0,8.46695e-06
0.306397306,0.303531,0,0,1.442187e-06
0.178451178,0.17116244,0,0,1.3104991e-06
0.922558923,0.9229065,0,0,1.2783762e-06
0.882154882,0.880623,0,0,1.971402e-06
0.575757576,0.58012635,0,0,1.8834409e-06
0.946127946,0.9450688,0,0,1.2391795e-06
0.905723906,0.9076547,0,0,9.989484e-07
0.558922559,0.560222,1,1,0.9999298
0.831649832,0.8370802,0,0,1.8702367e-05
0.750841751,0.7500495,0,0,1.0784573e-06
0.686868687,0.68702924,0,0,2.1543128e-06
0.572390572,0.5756179,1,1,0.999997
0.356902357,0.354942,0,0,0.029597845
0.673400673,0.6744426,0,0,9.9950805e-05
0.865319865,0.8656089,0,0,1.1086261e-06
0.569023569,0.5681454,0,0,0.00010146125
0.572390572,0.56953824,0,0,1.6228199e-06
0.919191919,0.92090154,0,0,1.1784122e-06
0.96969697,0.9703315,0,0,1.921543e-06
0.65993266,0.66203725,0,0,0.0014765137
0.767676768,0.7696637,0,0,1.0736107e-06
0.34006734,0.3335773,1,1,0.9999888
0.740740741,0.7383142,0,0,5.096504e-06
0.777777778,0.7782329,0,0,1.309024e-06
0.794612795,0.7929937,0,0,9.227765e-07
0.343434343,0.347118,0,0,1.0795893e-06
0.612794613,0.611037,1,1,0.99997973
0.632996633,0.6343285,0,0,1.5989773e-06
0.63973064,0.64095795,0,0,1.0535834e-06
0.996632997,0.99710375,0,0,6.5142655e-07
0.417508418,0.41706988,0,0,2.1530764e-06
0.525252525,0.52700806,0,0,1.4163644e-06
0.848484848,0.8486147,1,1,0.99993694
0.767676768,0.76961744,1,1,0.99322504
0.548821549,0.5496419,1,1,0.9999945
0.902356902,0.9009464,0,0,1.4823778e-06
0.693602694,0.6924454,0,0,5.241178e-07
0.973063973,0.9713393,1,1,0.9999957
0.417508418,0.4140726,0,0,1.0775444e-06
0.794612795,0.792853,0,0,2.3802395e-06
0.777777778,0.77736723,0,0,1.5105328e-06
0.875420875,0.8773148,0,0,8.8421876e-07
0.794612795,0.7951031,0,0,3.7858053e-06
0.986531987,0.9858021,0,0,1.834928e-05
0.188552189,0.19380262,0,0,7.1293465e-07
0.983164983,0.98471135,0,0,8.2346287e-07
0.966329966,0.96727103,0,0,3.8028231e-06
0.542087542,0.54162204,0,0,1.1513174e-06
0.707070707,0.70402795,1,1,0.9999976
0.538720539,0.53859663,0,0,1.8934849e-06
0.64983165,0.6528051,0,0,1.7771047e-06
0.811447811,0.8138406,1,1,0.9999988
0.936026936,0.9365177,0,0,1.6159058e-06
0.592592593,0.5904947,0,0,1.2601541e-06
0.845117845,0.84364617,0,0,4.691689e-05
0.750841751,0.75022477,1,1,0.9999987
0.956228956,0.9578389,0,0,0.0043631545
0.97979798,0.9794152,1,1,0.9999956
0.96969697,0.970333,0,0,9.66205e-07
0.545454545,0.546882,1,1,0.9998441
0.632996633,0.6324827,0,0,1.286913e-06
0.939393939,0.9389583,0,0,2.3726046e-05
0.872053872,0.872348,1,1,0.99684995
0.868686869,0.8696957,0,0,3.941832e-06
0.68013468,0.6773132,0,0,4.731927e-06
0.841750842,0.8422152,1,1,0.9999932
0.952861953,0.9543468,0,0,1.5509088e-06
0.771043771,0.7720782,1,1,0.999592
0.936026936,0.9366227,0,0,7.8941537e-07
0.518518519,0.51440626,0,0,5.064347e-06
0.892255892,0.8896346,0,0,3.4945e-06
0.767676768,0.76542324,0,0,2.6038629e-06
0.717171717,0.7171407,1,1,0.9999831
0.885521886,0.8872198,0,0,1.1888989e-06
0.952861953,0.95548785,0,0,1.2456892e-06
0.276094276,0.27303073,0,0,2.4566489e-06
0.114478114,0.11011506,0,0,1.3164329e-05
0.905723906,0.9074168,1,1,0.99999833
0.962962963,0.9636111,1,1,0.99999833
0.909090909,0.9070392,0,0,1.6648613e-06
0.878787879,0.87792695,0,0,1.2108306e-06
0.767676768,0.7680834,0,0,7.660264e-07
0.771043771,0.7703129,1,1,0.9999944
0.922558923,0.9213104,0,0,1.0745644e-06
0.824915825,0.8228484,1,1,0.9999949
0.804713805,0.8042654,0,0,1.1387151e-06
0.447811448,0.4519847,0,0,4.5500606e-06
0.161616162,0.16124877,0,0,0.0010317325
0.993265993,0.9939078,0,0,6.78024e-07
0.612794613,0.61199814,0,0,7.977935e-07
0.939393939,0.9401562,0,0,4.805555e-06
0.95959596,0.95643896,1,1,0.99999344
0.717171717,0.7151787,1,1,0.9999974
0.757575758,0.75605994,0,0,1.2827323e-06
0.730639731,0.7311472,0,0,1.6300945e-06
0.929292929,0.9296462,1,1,0.99999666
0.932659933,0.93159205,0,0,5.966993e-07
0.986531987,0.98774093,0,0,1.1928852e-06
0.929292929,0.9294981,0,0,2.2787192e-06
0.986531987,0.9888288,0,0,9.468494e-07
0.824915825,0.8215825,1,1,0.9999982
0.531986532,0.53450036,0,0,6.0430096e-07
0.952861953,0.95345616,1,1,0.99999917
0.973063973,0.97411186,0,0,1.5265744e-06
0.34006734,0.34012324,0,0,6.1916984e-07
0.98989899,0.9905125,0,0,2.0710577e-06
0.898989899,0.8981764,0,0,9.696906e-07
0.65993266,0.6587336,1,1,0.9999802
0.946127946,0.9456888,0,0,0.0002717732
0.801346801,0.8029528,0,0,1.0631084e-06
0.740740741,0.7408102,0,0,2.8105585e-05
0.814814815,0.8129811,0,0,7.520065e-07
0.478114478,0.47757816,0,0,1.348434e-06
0.737373737,0.7383846,0,0,2.5246268e-06
0.939393939,0.93714994,1,1,0.9998852
0.942760943,0.9420035,0,0,1.1478027e-06
0.491582492,0.4953739,1,1,0.99999285
0.622895623,0.62438756,0,0,1.7828484e-05
0.882154882,0.88013595,0,0,5.215658e-05
0.717171717,0.72027296,1,1,0.99999654
0.835016835,0.8353854,1,1,0.9999974
0.858585859,0.8580822,1,1,0.9999963
0.488215488,0.48866564,0,0,9.047981e-07
0.767676768,0.76577747,0,0,4.351324e-06
0.868686869,0.87218267,0,0,8.814715e-07
0.993265993,0.9931815,0,0,1.0834954e-06
0.757575758,0.75633526,1,1,0.999979
0.781144781,0.78111356,1,1,0.99999666
0.993265993,0.9933909,0,0,2.3802395e-06
0.259259259,0.26252994,1,1,0.9999987
0.744107744,0.7411391,1,1,0.99999857
0.434343434,0.4277654,0,0,6.004692e-07
0.949494949,0.94809276,0,0,8.0063955e-07
0.71043771,0.70767957,0,0,0.00014653898
0.545454545,0.5398267,0,0,6.6375736e-07
0.895622896,0.8940161,1,1,0.9999882
0.824915825,0.8268719,0,0,5.2858204e-06
0.804713805,0.8046828,1,1,0.9999981
0.841750842,0.8399564,1,1,0.9999039
0.909090909,0.90906554,0,0,2.9010755e-05
0.461279461,0.4612897,1,1,0.8530822
0.986531987,0.9879029,0,0,1.39288e-06
0.824915825,0.8243932,0,0,8.873697e-07
0.922558923,0.92296416,1,1,0.999998
0.929292929,0.9312478,0,0,1.2210362e-06
0.888888889,0.8882486,0,0,4.3256387e-06
0.848484848,0.84714276,0,0,1.5397761e-06
0.575757576,0.5761759,0,0,1.2766887e-06
0.457912458,0.45793056,0,0,1.0477339e-06
0.949494949,0.9486527,0,0,0.060651127
0.845117845,0.84618306,0,0,2.2791364e-06
0.949494949,0.9466522,0,0,4.6919698e-07
0.481481481,0.4752282,0,0,8.8527764e-07
0.814814815,0.814988,1,1,0.999998
0.993265993,0.99338835,0,0,2.045772e-06
0.717171717,0.7154203,1,1,0.98008716
0.828282828,0.82929105,0,0,6.4629234e-07
0.306397306,0.3080318,1,1,0.9997677
0.316498316,0.3211967,0,0,2.1700544e-05
0.801346801,0.799275,1,1,0.9999906
0.276094276,0.2774911,0,0,8.8482693e-07
0.32996633,0.33259898,0,0,1.1092405e-05
0.888888889,0.8893934,0,0,7.3831217e-07
0.2996633,0.2998098,0,0,7.630395e-06
0.855218855,0.85730046,0,0,6.071048e-07
0.824915825,0.82636774,1,1,0.99999046
0.585858586,0.5901822,0,0,1.4092934e-06
0.144781145,0.14693809,0,0,4.3064783e-06
0.437710438,0.44111484,0,0,1.0791529e-06
0.872053872,0.86772346,1,1,0.99999475
0.865319865,0.8657273,0,0,1.6076623e-06
0.326599327,0.3198665,1,1,0.9999945
0.936026936,0.9364831,1,1,0.9999962
0.430976431,0.43269497,0,0,3.8543044e-06
0.346801347,0.35294044,1,1,0.9999931
0.696969697,0.6977403,0,0,2.6446155e-06
0.865319865,0.86661476,1,1,0.9998368
0.69023569,0.6914054,0,0,3.0775877e-06
0.663299663,0.6637758,0,0,9.737023e-07
0.942760943,0.9424018,1,1,0.999992
0.925925926,0.92599916,0,0,4.379041e-06
0.501683502,0.5038957,0,0,1.2542577e-06
0.912457912,0.912762,0,0,6.7855314e-07
0.377104377,0.37633103,0,0,2.0612881e-06
0.737373737,0.73746645,0,0,2.5357917e-06
0.538720539,0.5359373,0,0,0.0012557183
0.838383838,0.837466,0,0,7.722538e-07
0.363636364,0.36322019,1,1,0.9999987
0.61952862,0.6224218,0,0,1.0320147e-06
0.828282828,0.82894236,0,0,7.4534995e-07
0.872053872,0.87249994,0,0,1.1637818e-06
0.730639731,0.7351791,1,1,0.99998736
0.831649832,0.82999635,0,0,1.5727961e-05
0.774410774,0.7716706,1,1,0.99999845
0.643097643,0.64435977,0,0,0.00012011299
0.643097643,0.6443345,0,0,0.00025556478
0.912457912,0.9113399,0,0,4.630431e-06
0.740740741,0.74324423,1,1,0.9999882
0.599326599,0.59864545,0,0,2.0169307e-06
0.515151515,0.5106962,0,0,1.6734972e-06
0.484848485,0.49382433,0,0,8.730854e-06
0.882154882,0.88345635,1,1,0.98667854
0.821548822,0.8207334,0,0,3.422149e-06
0.983164983,0.98249453,0,0,7.0907568e-06
0.915824916,0.9155975,0,0,5.7463153e-06
0.595959596,0.60150695,1,1,0.9999573
0.528619529,0.5327239,0,0,1.6818665e-06
0.952861953,0.95299494,0,0,1.1867149e-06
0.838383838,0.8389129,0,0,1.2685173e-06
0.932659933,0.93145,0,0,1.0487246e-06
0.69023569,0.6913107,0,0,6.9798074e-07
0.821548822,0.82757306,1,1,0.99986386
0.922558923,0.92270404,1,1,0.99508274
0.185185185,0.18345924,0,0,1.0135402e-06
0.861952862,0.859127,1,1,0.999984
0.821548822,0.8238253,0,0,5.454164e-07
0.986531987,0.9862872,1,1,0.999998
0.471380471,0.47511217,0,0,9.579978e-07
0.794612795,0.7939551,0,0,2.0696675e-06
0.508417508,0.5079316,0,0,6.7963146e-07
0.760942761,0.76363015,1,1,0.99758744
0.973063973,0.9718473,1,1,0.99999774
0.919191919,0.92007333,0,0,1.007739e-06
0.734006734,0.73503935,1,1,0.999998
0.737373737,0.7405221,1,1,0.9999982
0.97979798,0.97826797,0,0,1.2663838e-06
0.478114478,0.47756833,0,0,7.2893226e-07
0.942760943,0.9421998,0,0,3.669843e-07
0.676767677,0.67557365,1,1,0.9999974
0.760942761,0.7620621,0,0,1.0230748e-06
0.976430976,0.9764743,0,0,7.948189e-07
0.696969697,0.6994428,1,1,0.9999958
0.983164983,0.9834271,1,1,0.99999344
0.63973064,0.6403337,1,1,0.9999901
0.565656566,0.5639145,1,1,0.9999713
0.468013468,0.47232682,1,1,0.99999833
0.804713805,0.80495256,0,0,1.4679159e-06
0.801346801,0.8014245,0,0,6.401838e-07
0.868686869,0.867267,1,1,0.99997616
0.323232323,0.3266985,0,0,1.3019672e-06
0.794612795,0.7937829,0,0,1.011305e-06
0.898989899,0.89968425,0,0,1.596107e-06
0.888888889,0.8892372,1,1,0.9999939
0.831649832,0.8323758,0,0,0.014049717
1.0,0.9969312,0,0,2.1264961e-05
0.976430976,0.9771984,1,1,0.9998925
0.811447811,0.8112976,0,0,1.0518415e-06
0.939393939,0.93935984,0,0,8.697269e-07
0.653198653,0.6491706,1,1,0.9999964
0.966329966,0.9650279,0,0,2.1794099e-06
0.686868687,0.6866357,0,0,3.9520064e-06
0.868686869,0.8691199,0,0,9.632067e-07
0.814814815,0.8149103,0,0,1.4920494e-06
0.983164983,0.985512,0,0,4.670258e-05
0.521885522,0.51984096,1,1,0.99464107
0.622895623,0.6235412,0,0,1.3057946e-06
0.898989899,0.8999751,1,1,0.99999464
0.831649832,0.8330359,0,0,9.482863e-07
0.784511785,0.78612125,1,1,0.99998105
0.868686869,0.8691496,1,1,0.99999666
0.97979798,0.98190755,0,0,8.453858e-07
0.905723906,0.9066322,0,0,3.4334332e-06
0.925925926,0.9243397,1,1,0.99999833
0.7003367,0.7020161,1,1,0.9999914
0.609427609,0.60911393,0,0,7.184612e-07
0.784511785,0.7820514,0,0,6.480903e-07
0.801346801,0.7984446,1,1,0.999995
0.407407407,0.40768898,0,0,1.3803216e-06
0.64983165,0.6520347,0,0,7.2218785e-07
0.98989899,0.988423,0,0,2.8746965e-06
0.37037037,0.37323883,0,0,8.2191485e-07
0.562289562,0.5602899,1,1,0.9999981
0.734006734,0.73613954,1,1,0.9999964
0.599326599,0.59882885,1,1,0.99993384
0.703703704,0.7040862,0,0,6.750303e-07
0.531986532,0.534086,0,0,2.7208027e-06
0.781144781,0.78366697,1,1,0.96134865
0.915824916,0.9155975,0,0,1.2584584e-06
0.548821549,0.54719734,0,0,1.16469e-06
0.636363636,0.63481456,0,0,8.8243305e-06
0.872053872,0.8710781,0,0,1.393656e-06
0.919191919,0.9179744,0,0,8.800763e-07
0.191919192,0.18720342,0,0,1.289311e-06
0.956228956,0.95730424,0,0,1.2177719e-06
0.804713805,0.80487186,0,0,8.415698e-07
0.757575758,0.75621504,0,0,1.5757796e-06
0.902356902,0.9037295,0,0,2.1431817e-06
0.545454545,0.5468162,0,0,1.2718484e-06
0.855218855,0.8536803,1,1,0.99999464
0.952861953,0.9516268,0,0,2.1478734e-06
0.838383838,0.8387371,0,0,1.2384753e-06
0.922558923,0.9205165,0,0,1.9516556e-06
0.303030303,0.30062383,1,1,0.9992798
0.865319865,0.8684436,1,1,0.99999857
0.730639731,0.7323199,0,0,1.4262253e-06
0.821548822,0.82147664,1,1,0.9999981
0.63973064,0.63955814,0,0,8.084996e-06
0.713804714,0.71489996,0,0,7.171954e-07
0.949494949,0.95094794,0,0,4.010161e-05
0.7003367,0.7020161,0,0,9.781893e-07
0.764309764,0.76441216,0,0,1.5672038e-05
0.276094276,0.27472004,0,0,7.404211e-07
0.936026936,0.9359528,1,1,0.9999895
0.915824916,0.9160419,0,0,1.4237953e-06
0.986531987,0.9887218,0,0,4.7854614e-05
0.845117845,0.846525,1,1,0.99999845
0.855218855,0.85406184,0,0,1.0219601e-05
0.286195286,0.29228133,1,1,0.9999502
0.922558923,0.9216882,1,1,0.9999969
0.62962963,0.626324,1,1,0.99999774
0.548821549,0.55184245,1,1,0.99999535
0.498316498,0.50014687,0,0,6.421803e-07
0.885521886,0.8859307,0,0,0.00012420143
0.831649832,0.83310205,0,0,1.387795e-06
0.461279461,0.4620614,0,0,1.2912798e-06
0.774410774,0.77493733,0,0,1.2581247e-06
0.595959596,0.59266,1,1,0.99991417
0.734006734,0.7373168,0,0,0.003657837
0.919191919,0.9195433,0,0,7.145267e-07
0.656565657,0.6565054,0,0,1.196077e-06
0.983164983,0.9839571,1,1,0.9999789
0.962962963,0.962751,0,0,7.525697e-07
0.888888889,0.8857767,1,1,0.9999857
0.872053872,0.8714095,0,0,0.00018473383
0.787878788,0.7913336,0,0,1.9399483e-06
0.747474747,0.7483718,1,1,0.99996483
0.811447811,0.8126108,0,0,2.397929e-06
0.878787879,0.8766704,1,1,0.99999845
0.801346801,0.80028284,0,0,1.7857299e-06
0.97979798,0.9812034,1,1,0.9999964
0.976430976,0.976373,1,1,0.99998116
0.754208754,0.75536335,0,0,9.1847005e-07
0.427609428,0.42230144,0,0,1.4190252e-06
0.481481481,0.47517753,0,0,7.8827486e-07
0.720538721,0.7223079,0,0,8.0235935e-07
0.831649832,0.8344228,1,1,0.99999785
0.636363636,0.6327373,1,1,0.99999547
0.703703704,0.7028431,0,0,2.014132e-06
0.915824916,0.916792,1,1,0.999972
0.178451178,0.18192557,0,0,3.1050163e-06
0.929292929,0.9307463,0,0,1.4048396e-06
0.868686869,0.8683065,0,0,7.448667e-07
0.64983165,0.65044737,1,1,0.99999416
0.562289562,0.5636122,0,0,1.02796075e-05
0.831649832,0.83093154,0,0,6.7297344e-07
0.548821549,0.5490522,0,0,1.3031362e-06
0.828282828,0.82932585,1,1,0.99999547
0.845117845,0.84531987,0,0,7.5125986e-06
0.962962963,0.9645022,0,0,5.556761e-06
0.713804714,0.7196939,1,1,0.99999857
0.760942761,0.7615486,1,1,0.9999964
0.606060606,0.60693675,1,1,0.9999325
0.922558923,0.9221493,0,0,1.8928422e-06
0.612794613,0.6107406,0,0,1.2315123e-06
0.824915825,0.8223426,1,1,0.99998355
0.895622896,0.89597535,0,0,2.752192e-06
0.616161616,0.6144528,0,0,1.5826231e-06
0.962962963,0.9628598,0,0,2.917987e-06
0.892255892,0.89229244,1,1,0.9999918
0.760942761,0.75644815,0,0,5.9919813e-07
0.973063973,0.97180533,1,1,0.99983263
0.898989899,0.8981062,1,1,0.99811965
0.942760943,0.9438436,0,0,0.003943897
0.966329966,0.9681872,1,1,0.9999783
0.774410774,0.7723167,0,0,1.3014471e-06
0.686868687,0.6853459,0,0,6.1006773e-07
0.882154882,0.88167,0,0,2.4673202e-06
0.808080808,0.8091727,1,1,0.9997609
0.895622896,0.89599526,0,0,5.9255995e-05
0.929292929,0.93077654,0,0,1.2674423e-06
0.96969697,0.9687164,0,0,6.4180983e-07
0.855218855,0.8514545,0,0,2.5082668e-06
0.939393939,0.936753,0,0,4.8624092e-06
0.545454545,0.54697114,1,1,0.9999565
0.404040404,0.40951136,0,0,6.770406e-07
0.993265993,0.9939007,1,1,0.999998
0.501683502,0.5081029,0,0,6.041539e-06
0.754208754,0.75040203,1,1,0.999997
0.942760943,0.94171983,1,1,0.99999833
0.767676768,0.7654288,0,0,8.7727994e-07
0.868686869,0.8683885,0,0,1.0734776e-06
0.111111111,0.11259914,1,1,0.99996114
0.96969697,0.9685786,1,1,0.9999709
0.824915825,0.8248377,1,1,0.9999919
0.65993266,0.6569436,0,0,1.0458012e-06
0.811447811,0.8112174,0,0,0.00040088175
0.868686869,0.868977,0,0,6.8861135e-07
0.821548822,0.8194446,0,0,1.4755428e-06
0.30976431,0.29769507,0,0,9.61066e-07
0.838383838,0.83803135,1,1,0.9998336
0.983164983,0.9815243,0,0,8.8225113e-07
0.861952862,0.86374724,1,1,0.99787545
0.946127946,0.94601417,0,0,0.00033277238
0.404040404,0.4102737,0,0,1.50460555e-05
0.552188552,0.5541421,0,0,0.001966758
0.925925926,0.92670035,0,0,8.9614025e-07
0.892255892,0.8896801,0,0,5.616206e-06
0.898989899,0.8985463,1,1,0.94748795
0.552188552,0.5486099,0,0,1.7825838e-06
0.447811448,0.44862843,0,0,9.3191477e-07
0.892255892,0.8902768,0,0,1.7247598e-06
0.622895623,0.62394303,0,0,7.3973056e-06
0.976430976,0.9769262,1,1,0.9999393
0.582491582,0.58159643,0,0,5.5839797e-07
0.750841751,0.7502391,0,0,4.358914e-05
0.589225589,0.58860636,0,0,9.27173e-07
0.855218855,0.85443765,0,0,1.3127757e-06
0.851851852,0.8521615,1,1,0.9999709
0.343434343,0.3406938,0,0,3.374824e-06
0.814814815,0.8163911,0,0,2.0726266e-06
0.855218855,0.8539608,1,1,0.9999943
0.895622896,0.8973886,0,0,1.2110697e-06
0.922558923,0.92267984,0,0,2.3306116e-06
0.895622896,0.8959869,0,0,1.4783134e-06
0.919191919,0.9178254,0,0,1.6024449e-05
0.868686869,0.8723226,1,1,0.99999666
0.888888889,0.88730717,1,1,0.99997866
0.599326599,0.59763116,0,0,1.4079138e-06
0.387205387,0.39124516,0,0,9.0771766e-07
0.828282828,0.82809824,0,0,1.20021e-06
0.824915825,0.82205665,0,0,0.00030931763
0.760942761,0.7596952,0,0,1.7119074e-06
0.771043771,0.7701431,1,1,0.9999584
0.925925926,0.92524904,0,0,1.1150037e-06
0.579124579,0.57872504,0,0,1.1632502e-06
0.36026936,0.36011526,0,0,1.295707e-06
0.98989899,0.989484,0,0,1.2712143e-06
0.774410774,0.77581966,0,0,1.1312854e-06
0.774410774,0.773576,0,0,2.4013343e-06
0.703703704,0.70330316,0,0,9.043583e-05
0.292929293,0.2902371,0,0,2.5570184e-06
0.754208754,0.7498835,0,0,1.0694547e-06
0.646464646,0.6486307,0,0,1.2998222e-06
0.929292929,0.92949843,0,0,1.0830584e-06
0.861952862,0.8658688,0,0,1.7600292e-06
0.777777778,0.7759415,0,0,1.1401712e-06
0.831649832,0.83035,0,0,5.380033e-06
0.97979798,0.9809692,0,0,3.7977927e-06
0.744107744,0.7445436,1,1,0.9999982
0.868686869,0.8701342,0,0,1.3553728e-06
0.441077441,0.44313163,1,1,0.99999607
0.781144781,0.78356737,1,1,0.99999595
0.808080808,0.8082385,0,0,1.2549624e-06
0.484848485,0.487362,0,0,1.0208322e-06
0.30976431,0.3122193,0,0,4.758786e-07
0.875420875,0.87338316,1,1,0.99990404
0.811447811,0.8104742,0,0,0.00020272507
0.892255892,0.8914127,0,0,1.1853531e-06
0.848484848,0.8491241,0,0,7.729988e-07
0.966329966,0.9661997,0,0,0.011214826
0.656565657,0.6586754,1,1,0.99999714
0.693602694,0.6961391,0,0,2.076429e-06
0.791245791,0.78883594,0,0,7.8868476e-07
0.579124579,0.5782719,0,0,1.6597297e-06
0.845117845,0.84474933,0,0,1.0278825e-06
0.902356902,0.9033432,0,0,1.0882537e-06
0.171717172,0.1710754,1,1,0.99995196
0.606060606,0.6086977,0,0,1.333861e-06
0.804713805,0.8063106,0,0,7.2866953e-07
0.730639731,0.7342603,0,0,1.3825006e-06
0.117845118,0.11873795,0,0,9.621839e-07
0.407407407,0.40722817,0,0,6.96314e-07
0.861952862,0.8606049,0,0,2.2554107e-06
0.949494949,0.9497823,0,0,0.0014490844
0.892255892,0.8916833,0,0,2.6668981e-06
0.838383838,0.8396793,1,1,0.99999774
0.703703704,0.70893943,0,0,8.943652e-07
0.666666667,0.66813344,0,0,7.3171265e-07
0.69023569,0.6922315,0,0,1.1816431e-06
0.228956229,0.22905251,0,0,1.488269e-06
0.915824916,0.9160419,1,1,0.99999404
0.673400673,0.67080235,0,0,9.879772e-07
0.808080808,0.8054347,0,0,1.4126373e-06
0.95959596,0.9577498,0,0,8.868765e-07
0.888888889,0.8860331,0,0,4.3181867e-06
0.63973064,0.6410715,1,1,0.9999962
0.895622896,0.8976362,0,0,1.4018459e-06
0.841750842,0.8418029,1,1,0.99991345
0.71043771,0.7149,0,0,1.0000322e-06
0.909090909,0.9116402,1,1,0.9999958
0.333333333,0.3344613,0,0,1.0623188e-06
0.845117845,0.84064585,0,0,9.502453e-07
0.609427609,0.6094652,1,1,0.99999833
0.535353535,0.534463,0,0,5.2134687e-06
0.895622896,0.89449507,0,0,1.5868791e-06
0.777777778,0.77938014,0,0,1.1746445e-06
0.191919192,0.19772634,0,0,0.0010163132
0.555555556,0.55399483,0,0,6.0234873e-07
0.777777778,0.77467746,0,0,1.5967709e-06
0.97979798,0.97920203,0,0,1.980311e-06
0.569023569,0.5680148,1,1,0.99999344
0.814814815,0.81425047,0,0,1.743828e-06
0.932659933,0.93632776,0,0,1.3560258e-06
0.98989899,0.99067277,0,0,1.5070694e-06
0.797979798,0.79694915,1,1,0.9999945
0.750841751,0.75019133,0,0,1.1996825e-06
0.912457912,0.9127119,0,0,1.712584e-05
0.562289562,0.56602174,1,1,0.99999416
0.996632997,0.9955271,0,0,1.1867602e-06
0.646464646,0.6423977,1,1,0.99999774
0.107744108,0.1073209,1,1,0.9999981
0.737373737,0.7378558,1,1,0.9999893
0.696969697,0.70803714,1,1,0.999997
0.565656566,0.5637573,0,0,1.6285204e-06
0.983164983,0.985512,0,0,1.2130221e-06
0.946127946,0.948778,1,1,0.9999496
0.767676768,0.7693777,0,0,7.082816e-07
0.828282828,0.82925165,0,0,2.3172122e-06
0.962962963,0.96163,0,0,3.8218834e-05
0.973063973,0.9731507,0,0,1.1602632e-06
0.96969697,0.9716987,1,1,0.99998844
0.592592593,0.59180063,0,0,6.93512e-06
0.750841751,0.7537203,0,0,1.6647737e-05
0.750841751,0.7494385,1,1,0.99998343
0.838383838,0.8338105,0,0,1.4981932e-06
0.781144781,0.7827166,0,0,2.8664263e-06
0.855218855,0.8552403,0,0,1.4174198e-06
0.845117845,0.8479316,0,0,1.5320189e-05
0.505050505,0.50015986,0,0,3.0241497e-06
0.902356902,0.9034552,1,1,0.99998176
0.835016835,0.8353347,1,1,0.9999939
0.898989899,0.9001718,0,0,2.3906816e-06
0.63973064,0.6398741,1,1,0.9999968
0.797979798,0.79636395,0,0,7.697003e-07
0.269360269,0.2669751,1,1,0.9999789
0.831649832,0.83304256,1,1,0.9999833
0.62962963,0.6321594,1,1,0.999997
0.821548822,0.8200903,0,0,1.4867412e-06
0.838383838,0.8388442,1,1,0.9999963
0.898989899,0.8999668,1,1,0.9999974
0.373737374,0.3763472,0,0,7.316624e-07
0.925925926,0.9252308,0,0,9.547081e-07
0.902356902,0.90046173,0,0,2.8455984e-06
0.764309764,0.763727,0,0,0.00046938373
0.565656566,0.56452787,0,0,2.4645876e-06
0.30976431,0.3170065,1,1,0.9999068
0.905723906,0.903312,0,0,3.1471109e-06
0.734006734,0.7360358,0,0,1.308108e-06
0.138047138,0.14016213,0,0,1.3401483e-06
0.831649832,0.8321514,0,0,1.5867171e-06
0.720538721,0.72117126,0,0,2.643042e-06
0.791245791,0.7937378,0,0,1.2072034e-06
0.885521886,0.8859225,0,0,2.1471772e-06
0.912457912,0.912881,0,0,2.9371508e-06
0.828282828,0.8272485,1,1,0.99999595
0.925925926,0.9239835,0,0,0.0001657667
0.696969697,0.6951278,0,0,2.0297084e-06
0.868686869,0.86911106,0,0,9.192386e-07
0.68013468,0.6793625,0,0,1.1690617e-05
0.703703704,0.70001227,0,0,1.9815052e-06
0.747474747,0.74941415,0,0,1.0934316e-05
0.31986532,0.31802744,0,0,1.5760382e-06
0.909090909,0.90764594,0,0,1.0816741e-06
0.878787879,0.8787245,0,0,1.0977046e-06
0.663299663,0.66204107,1,1,0.991299
0.956228956,0.9555456,0,0,1.0512078e-06
0.673400673,0.6744426,0,0,7.7624554e-07
0.720538721,0.7232085,0,0,1.9946042e-06
0.915824916,0.91599154,0,0,3.1504621e-06
0.956228956,0.95363224,0,0,8.5923773e-07
0.956228956,0.9543547,1,1,0.9999981
0.919191919,0.9157767,1,1,0.999694
0.936026936,0.93631506,0,0,2.288334e-06
0.377104377,0.37662917,0,0,7.7418144e-07
0.717171717,0.71455765,1,1,0.99999774
0.717171717,0.7171407,0,0,0.008089283
0.707070707,0.7079396,0,0,7.711355e-06
0.868686869,0.8678619,0,0,1.6581414e-06
0.949494949,0.94816244,0,0,2.1392834e-06
0.740740741,0.74180686,0,0,2.6969171e-06
0.683501684,0.68660146,0,0,1.36172e-06
0.707070707,0.7040022,1,1,0.9999784
0.407407407,0.40709165,0,0,1.1194201e-06
0.828282828,0.82474595,0,0,7.2900457e-07
0.579124579,0.57782197,0,0,5.1592546e-05
0.925925926,0.9261095,0,0,5.3165044e-05
0.895622896,0.8924562,1,1,0.99978775
0.336700337,0.33475232,1,1,0.9999956
0.592592593,0.5973531,1,1,0.9999976
0.851851852,0.85324883,0,0,1.0258514e-06
0.939393939,0.93783736,0,0,1.613022e-06
0.97979798,0.9791545,1,1,0.9999981
0.326599327,0.3214082,1,1,0.9999875
0.797979798,0.79818875,0,0,1.5558106e-06
0.993265993,0.9950759,1,1,0.9999764
0.905723906,0.9059055,0,0,1.1029188e-06
0.316498316,0.31549808,0,0,2.5288896e-06
0.407407407,0.4069314,0,0,7.9072043e-07
0.851851852,0.8546988,0,0,6.4753306e-07
0.656565657,0.6546854,0,0,0.000523622
0.754208754,0.75772357,0,0,1.0157183e-06
0.508417508,0.5070048,0,0,1.2179473e-06
0.754208754,0.75181043,0,0,2.4533103e-06
0.777777778,0.77658457,0,0,9.817126e-07
0.760942761,0.75735545,0,0,6.796282e-07
0.757575758,0.75575644,0,0,1.0382724e-06
0.902356902,0.9012963,0,0,5.5808704e-07
0.579124579,0.57980794,0,0,8.9520654e-07
0.902356902,0.9009196,0,0,6.9739656e-07
0.730639731,0.7312711,0,0,1.1560033e-06
0.905723906,0.90740854,0,0,1.5701993e-06
0.545454545,0.54544705,0,0,4.6612145e-06
0.95959596,0.9585961,0,0,4.9514974e-06
0.387205387,0.38810375,0,0,9.1353263e-07
0.97979798,0.9800048,0,0,1.2769956e-06
0.38047138,0.38013947,1,1,0.9999914
0.932659933,0.93251526,0,0,2.7575174e-06
0.865319865,0.865331,0,0,2.10125e-06
0.865319865,0.86742795,1,1,0.99996626
0.831649832,0.83127314,0,0,9.805796e-07
0.865319865,0.8701475,1,1,0.9998939
0.787878788,0.78890973,0,0,1.8893163e-06
0.414141414,0.39716128,0,0,2.6973953e-06
0.713804714,0.7126831,0,0,1.1432602e-06
0.814814815,0.8170983,0,0,6.5121037e-07
0.872053872,0.8716692,0,0,1.2109057e-06
0.912457912,0.91091967,0,0,1.1304777e-06
0.808080808,0.80885506,1,1,0.999998
0.885521886,0.8880502,0,0,9.2516075e-06
0.548821549,0.54426813,0,0,4.5710544e-06
0.713804714,0.7180123,0,0,1.0371967e-06
0.764309764,0.76448935,0,0,0.00013541422
0.946127946,0.94545835,0,0,1.771433e-06
0.922558923,0.92618936,1,1,0.9999938
0.952861953,0.9523788,0,0,1.1076357e-06
0.858585859,0.85934216,1,1,0.99998856
0.606060606,0.60519373,0,0,9.467104e-07
0.848484848,0.85143554,0,0,4.253182e-06
0.673400673,0.6741837,0,0,0.00072793907
0.892255892,0.89111763,0,0,2.7411381e-06
0.858585859,0.857707,1,1,0.99999833
0.794612795,0.7960518,0,0,0.00037766475
0.444444444,0.44825706,0,0,2.2229906e-06
0.68013468,0.68194574,0,0,5.321816e-07
0.61952862,0.62159383,1,1,0.99999714
0.754208754,0.75176686,0,0,0.00018349933
0.703703704,0.7050289,0,0,8.462812e-07
0.774410774,0.77239645,0,0,9.2167716e-07
0.925925926,0.92705727,0,0,8.0946105e-05
0.727272727,0.7275665,0,0,3.18762e-06
0.565656566,0.5638136,1,1,0.99998844
0.703703704,0.7072558,0,0,1.86169e-06
0.96969697,0.96846765,0,0,5.972868e-07
0.936026936,0.9352127,0,0,1.1472074e-06
0.801346801,0.8057629,0,0,4.6118723e-07
0.34006734,0.33900866,0,0,1.976127e-06
0.952861953,0.95328754,0,0,1.451808e-06
0.555555556,0.55565226,0,0,8.034106e-07
0.912457912,0.9129662,1,1,0.99999785
0.97979798,0.979552,0,0,1.1480961e-06
0.801346801,0.80052483,0,0,8.8685533e-07
0.966329966,0.96593404,0,0,1.1867979e-05
0.902356902,0.9005314,0,0,9.770258e-07
0.838383838,0.83800095,0,0,0.0014140871
0.868686869,0.86876196,1,1,0.9999906
0.949494949,0.9503327,1,1,0.9999957
0.632996633,0.6304786,0,0,6.8754105e-07
0.993265993,0.99355257,1,1,0.978385
0.521885522,0.5214553,1,1,0.99992335
0.548821549,0.546113,0,0,3.1453674e-06
0.952861953,0.9547293,0,0,3.6734007e-06
0.912457912,0.9137203,0,0,1.0957185e-06
0.804713805,0.80320114,0,0,1.0850661e-06
0.646464646,0.6433925,1,1,0.99999833
0.821548822,0.8207334,0,0,5.2035098e-06
0.912457912,0.91424155,1,1,0.9994363
0.888888889,0.88485897,0,0,8.505468e-07
0.966329966,0.96885705,0,0,6.0965118e-05
0.713804714,0.71192586,0,0,2.3872095e-05
0.814814815,0.8138991,0,0,1.4696809e-06
0.791245791,0.79250306,1,1,0.9992446
0.784511785,0.78337187,1,1,0.9999696
0.814814815,0.8149813,0,0,2.7966285e-06
0.767676768,0.76940936,1,1,0.9695201
0.303030303,0.2957806,0,0,1.6997471e-06
0.703703704,0.70501596,0,0,1.5032397e-06
0.865319865,0.86805713,0,0,1.3059964e-06
0.787878788,0.78909874,0,0,6.6358655e-07
0.390572391,0.39334968,1,1,0.99993145
0.750841751,0.7498846,0,0,9.967093e-07
0.535353535,0.54008025,1,1,0.9999893
0.794612795,0.7949123,0,0,1.8719874e-06
0.976430976,0.97519404,0,0,2.3128055e-06
0.875420875,0.87851185,0,0,1.4773606e-06
0.646464646,0.6425252,1,1,0.99999785
0.835016835,0.8342442,0,0,1.2021437e-06
0.676767677,0.6800402,0,0,1.933309e-05
0.929292929,0.92820746,0,0,1.0603703e-06
0.63973064,0.6410704,1,1,0.99999714
0.767676768,0.76722425,0,0,1.0445652e-06
0.956228956,0.95441216,0,0,2.3242126e-06
0.430976431,0.43324083,1,1,0.9999497
0.895622896,0.89684516,0,0,2.597392e-06
0.872053872,0.87393177,1,1,0.99999785
0.269360269,0.26707157,0,0,2.130927e-06
0.727272727,0.72676796,0,0,1.5349832e-06
0.855218855,0.85677576,1,1,0.99998784
0.888888889,0.889576,0,0,7.100583e-07
0.814814815,0.8131501,0,0,0.011243856
0.760942761,0.7600561,0,0,7.893138e-07
0.784511785,0.7845871,0,0,5.900941e-06
0.606060606,0.60440737,1,1,0.99998
0.808080808,0.8071329,1,1,0.9999727
0.686868687,0.6930312,0,0,5.9544864e-06
0.96969697,0.96922344,0,0,8.584853e-06
0.69023569,0.6880529,0,0,1.1333295e-06
0.845117845,0.8443877,1,1,0.99998343
0.801346801,0.7999042,0,0,1.1154461e-06
0.898989899,0.90195495,0,0,9.75658e-07
0.865319865,0.86642116,1,1,0.9999846
0.888888889,0.8887612,0,0,2.7276014e-06
0.276094276,0.275592,0,0,8.138987e-07
0.154882155,0.15356886,1,1,0.99999833
0.848484848,0.85165924,0,0,1.298899e-06
0.936026936,0.9369405,0,0,3.1371326e-06
0.518518519,0.51891035,0,0,8.361952e-07
0.814814815,0.81399184,0,0,9.91308e-06
0.983164983,0.9832997,0,0,2.4269448e-06
0.579124579,0.57872504,0,0,2.2361203e-06
0.703703704,0.70412546,1,1,0.9999602
0.98989899,0.9910658,0,0,1.5615693e-06
0.148148148,0.15495898,0,0,1.9853221e-06
0.646464646,0.64865434,0,0,1.2487817e-06
0.936026936,0.9364596,1,1,0.999998
0.808080808,0.8100952,0,0,8.2994507e-07
0.858585859,0.85928494,0,0,2.0772051e-05
0.835016835,0.83657414,0,0,0.00013616768
0.787878788,0.7887965,1,1,0.9999825
0.71043771,0.70963025,0,0,3.8625467e-06
0.956228956,0.957794,0,0,1.08533e-06
0.65993266,0.66030973,0,0,1.4241892e-06
0.952861953,0.9532305,0,0,0.0025341192
0.589225589,0.58746016,1,1,0.999683
0.986531987,0.9851141,1,1,0.9999633
0.508417508,0.50702596,0,0,3.22987e-06
0.892255892,0.8944359,0,0,6.995154e-07
0.414141414,0.41225493,1,1,0.9999975
0.966329966,0.96431684,0,0,1.8034295e-06
0.521885522,0.5188222,0,0,0.00049422786
0.407407407,0.40355816,0,0,9.5298884e-07
0.818181818,0.8175783,0,0,2.2652573e-06
0.686868687,0.6870574,0,0,7.334788e-07
0.37037037,0.3758261,1,1,0.99999404
0.771043771,0.7717079,0,0,1.5836453e-06
0.663299663,0.6643097,0,0,1.4238673e-06
0.898989899,0.89854294,0,0,2.185225e-06
0.653198653,0.6531948,0,0,1.1186218e-06
0.835016835,0.8357571,1,1,0.99999475
0.686868687,0.6847662,0,0,4.5691183e-07
0.32996633,0.33239383,0,0,4.7857833e-07
0.797979798,0.79848295,0,0,7.5967097e-07
0.878787879,0.8798858,0,0,8.317445e-07
0.71043771,0.7095164,0,0,6.754721e-07
0.71043771,0.70894563,0,0,5.7312144e-07
0.555555556,0.55609334,0,0,3.964165e-05
0.730639731,0.7338308,1,1,0.9999968
0.511784512,0.50862664,0,0,2.6810305e-06
0.696969697,0.6955716,0,0,1.0389124e-06
0.925925926,0.9232371,0,0,6.2872036e-06
0.643097643,0.6426502,0,0,1.3048946e-06
0.595959596,0.5982495,0,0,8.487245e-07
0.572390572,0.5734583,0,0,1.555063e-06
0.824915825,0.82554775,1,1,0.99984574
0.730639731,0.7306012,0,0,4.3718305e-06
0.929292929,0.93001235,0,0,1.3777084e-06
0.750841751,0.75157285,0,0,3.6945648e-06
0.811447811,0.81141216,0,0,7.829718e-07
0.740740741,0.7390194,0,0,7.4896684e-07
0.535353535,0.5343524,0,0,0.0004075098
0.636363636,0.64012015,0,0,1.4420165e-06
0.841750842,0.8418552,1,1,0.99999595
0.740740741,0.7393278,0,0,1.117742e-06
0.851851852,0.8525645,0,0,0.00022486057
0.666666667,0.66695815,0,0,9.874949e-07
0.925925926,0.9261462,0,0,1.2866712e-06
0.747474747,0.7473275,0,0,3.5656833e-06
0.505050505,0.5117552,0,0,1.1003481e-06
0.952861953,0.95593184,1,1,0.99999297
0.919191919,0.91810465,0,0,3.587489e-06
0.737373737,0.73873276,0,0,8.759223e-07
0.747474747,0.74665314,1,1,0.999998
0.367003367,0.36665612,0,0,1.8862702e-06
0.925925926,0.9256626,0,0,6.355915e-07
0.767676768,0.7698144,0,0,2.8979255e-06
0.430976431,0.42545518,0,0,8.949582e-07
0.69023569,0.69192064,0,0,9.703854e-07
0.622895623,0.6236861,1,1,0.999907
0.67003367,0.6652219,0,0,2.0925308e-06
0.841750842,0.8418029,1,1,0.9999863
0.949494949,0.9505403,0,0,1.4836677e-06
0.888888889,0.88791007,1,1,0.9999951
0.925925926,0.92428845,0,0,1.1345829e-06
0.740740741,0.74237317,0,0,8.060123e-07
0.925925926,0.92819107,0,0,1.4414211e-06
0.097643098,0.09593477,0,0,1.8242788e-06
0.168350168,0.16556072,1,1,0.9999058
0.545454545,0.5477534,0,0,9.680396e-07
0.646464646,0.6463657,1,1,0.9199155
0.393939394,0.39085802,0,0,6.8253615e-07
0.28956229,0.28495812,1,1,0.9999944
0.744107744,0.74378717,0,0,1.0428055e-06
0.481481481,0.48232728,1,1,0.9999949
0.929292929,0.9296313,1,1,0.99998343
0.686868687,0.68485737,1,1,0.999749
0.740740741,0.7412901,0,0,2.989628e-05
0.63973064,0.6414109,0,0,7.3752676e-07
0.939393939,0.9373922,1,1,0.9999603
0.898989899,0.9013342,0,0,2.0314501e-05
0.838383838,0.83885247,1,1,0.999997
0.68013468,0.67962813,0,0,8.593303e-07
0.801346801,0.8035703,1,1,0.99999785
0.787878788,0.7897431,0,0,7.6618863e-07
0.764309764,0.76546973,1,1,0.99999523
0.855218855,0.8569048,0,0,6.43871e-07
0.676767677,0.6700859,0,0,6.190281e-07
0.764309764,0.7642775,0,0,1.3467144e-06
0.747474747,0.7479192,0,0,8.5020133e-07
0.538720539,0.5362316,0,0,1.7032002e-06
0.757575758,0.7555124,0,0,1.1356287e-06
0.326599327,0.3278037,1,1,0.9999958
0.32996633,0.3300448,0,0,7.1498613e-07
0.973063973,0.97270304,0,0,1.6820911e-06
0.30976431,0.2991378,0,0,1.992716e-06
0.898989899,0.89931947,0,0,1.1430749e-06
0.892255892,0.89347243,0,0,5.7810477e-05
0.676767677,0.676198,1,1,0.99999666
0.993265993,0.9944522,0,0,7.1210434e-07
0.808080808,0.81004375,1,1,0.9999771
0.181818182,0.17263775,0,0,1.3571965e-06
0.885521886,0.8868858,1,1,0.99995756
0.808080808,0.80900675,1,1,0.9994072
0.612794613,0.6144608,0,0,1.377342e-06
0.855218855,0.85327137,1,1,0.9999814
0.929292929,0.93072784,1,1,0.9966671
0.595959596,0.5946779,1,1,0.9999988
0.407407407,0.40314427,0,0,1.4269585e-06
0.313131313,0.30388492,0,0,8.099359e-07
0.777777778,0.77790076,0,0,8.392879e-07
0.821548822,0.8197591,0,0,3.5495202e-06
0.572390572,0.57381815,0,0,1.052263e-06
0.730639731,0.7277655,1,1,0.9999908
0.868686869,0.8673468,0,0,2.3223492e-06
0.494949495,0.49824142,0,0,1.1921109e-06
0.558922559,0.5631318,1,1,0.9999604
0.882154882,0.87757605,0,0,3.5915855e-05
0.333333333,0.33878943,0,0,1.1820861e-06
0.69023569,0.68812436,1,1,0.9999957
0.973063973,0.97446096,0,0,1.9067711e-06
0.905723906,0.9077745,1,1,0.9998267
0.831649832,0.8331622,0,0,2.9711211e-06
0.875420875,0.8745768,0,0,1.1842108e-06
0.717171717,0.716222,0,0,3.5587868e-06
0.797979798,0.7996205,0,0,5.582856e-07
0.902356902,0.9039556,0,0,1.1060598e-06
0.498316498,0.49730176,1,1,0.99999845
0.818181818,0.8164385,0,0,8.6695024e-07
0.878787879,0.8803838,0,0,1.4378171e-06
0.333333333,0.33150408,1,1,0.999984
0.96969697,0.97167593,1,1,0.99999726
0.612794613,0.6123903,0,0,1.075923e-06
0.929292929,0.9294596,0,0,2.2765885e-06
0.71043771,0.7085942,0,0,4.8047207e-07
0.723905724,0.72547877,0,0,1.1866526e-06
0.434343434,0.43075243,1,1,0.99999833
0.579124579,0.58169705,1,1,0.99999726
0.865319865,0.8629401,0,0,9.879687e-07
0.363636364,0.35755828,0,0,5.941706e-06
0.882154882,0.8826411,1,1,0.9999801
0.801346801,0.7986654,0,0,1.2470393e-06
0.946127946,0.9462302,1,1,0.99999535
0.178451178,0.17503498,1,1,0.9999949
0.535353535,0.5311526,1,1,0.9889608
0.949494949,0.9503566,1,1,0.9988223
0.922558923,0.9223642,0,0,1.3106156e-05
0.707070707,0.70606875,0,0,9.762583e-07
0.942760943,0.9420035,0,0,1.7186584e-06
0.98989899,0.98851687,0,0,2.0303587e-06
0.872053872,0.87121016,1,1,0.99989295
0.484848485,0.48597962,1,1,0.999997
0.569023569,0.5678037,0,0,9.269078e-07
0.895622896,0.89224905,0,0,0.0012649646
0.750841751,0.7526757,0,0,1.8164621e-05
0.929292929,0.93051296,0,0,1.4751854e-06
0.898989899,0.90195495,0,0,7.6604323e-07
0.831649832,0.8299726,0,0,3.5351593e-06
0.865319865,0.86768043,0,0,3.726675e-06
0.905723906,0.9048862,0,0,8.665485e-07
0.811447811,0.81058586,0,0,1.1985355e-06
0.861952862,0.86187166,0,0,0.00021848545
0.98989899,0.9910907,0,0,7.134631e-07
0.535353535,0.5327088,0,0,9.449469e-07
0.828282828,0.8289099,0,0,1.2618967e-06
0.457912458,0.4578862,0,0,9.585365e-06
0.535353535,0.5367227,0,0,1.1966407e-06
0.71043771,0.7085942,1,1,0.9999856
0.727272727,0.7312866,1,1,0.9999945
0.747474747,0.7463453,0,0,3.3620414e-05
0.69023569,0.6901324,0,0,8.0527695e-07
0.95959596,0.96069664,1,1,0.99998426
0.407407407,0.40554705,0,0,7.516555e-06
0.919191919,0.91974616,1,1,0.9999958
0.777777778,0.7806762,0,0,0.00013587506
0.97979798,0.98135257,0,0,9.904829e-07
0.872053872,0.8677678,0,0,3.2892367e-05
0.95959596,0.9599841,1,1,0.99990344
0.808080808,0.8052945,1,1,0.99998415
0.909090909,0.9089252,0,0,7.2825964e-07
0.804713805,0.8078156,0,0,2.8210582e-06
0.390572391,0.39046356,1,1,0.999835
0.62962963,0.6289161,0,0,2.5886404e-06
0.942760943,0.9420202,0,0,5.547684e-07
0.548821549,0.54772335,0,0,2.041126e-06
0.882154882,0.885308,0,0,1.2877667e-05
0.888888889,0.88791007,0,0,2.0737357e-06
0.777777778,0.77908814,0,0,1.3738247e-06
0.127946128,0.1374645,1,1,0.9999974
0.875420875,0.875572,1,1,0.9999933
0.632996633,0.6326316,0,0,1.6208401e-06
0.632996633,0.63539726,1,1,0.9999963
0.912457912,0.91319394,1,1,0.9998516
0.919191919,0.91827255,1,1,0.9999932
0.525252525,0.52559805,0,0,6.3543933e-07
0.653198653,0.6486553,0,0,2.8422785e-06
0.97979798,0.9781501,0,0,3.036203e-06
0.909090909,0.9084262,0,0,8.704585e-05
0.565656566,0.5637355,0,0,1.843698e-06
0.451178451,0.45115516,1,1,0.99999774
0.875420875,0.87517524,0,0,2.383872e-06
0.831649832,0.83080506,1,1,0.99999845
0.888888889,0.887377,0,0,1.1414888e-06
0.595959596,0.60031986,0,0,9.627586e-07
0.205387205,0.2071577,0,0,6.9338835e-06
0.952861953,0.95329744,0,0,3.1527404e-06
0.811447811,0.8111179,0,0,6.255852e-06
0.875420875,0.875869,0,0,2.0982643e-06
0.841750842,0.84073585,0,0,2.8391767e-06
0.962962963,0.96349436,0,0,2.883381e-06
0.367003367,0.36208573,0,0,2.333178e-06
0.686868687,0.68468976,1,1,0.99999785
0.774410774,0.77305436,1,1,0.99999404
0.898989899,0.8998061,0,0,9.229103e-07
0.888888889,0.88674176,1,1,0.9999963
0.64983165,0.6531272,0,0,3.3665915e-06
0.784511785,0.7820231,0,0,5.5390933e-07
0.949494949,0.94923675,1,1,0.9999471
0.986531987,0.98608446,1,1,0.9999832
0.804713805,0.8025672,0,0,2.2834333e-06
0.336700337,0.34465158,0,0,7.32707e-07
0.71043771,0.7118267,0,0,1.0264513e-06
0.922558923,0.9229307,0,0,2.1518488e-06
0.242424242,0.24145468,0,0,9.747345e-07
0.760942761,0.76037157,1,1,0.99236566
0.676767677,0.6742397,1,1,0.9999987
0.606060606,0.6029221,0,0,1.0892225e-06
0.616161616,0.6142443,0,0,1.6326275e-06
0.585858586,0.5841224,1,1,0.99999785
0.794612795,0.79194176,0,0,0.00050152815
0.909090909,0.90829897,0,0,0.00012866191
0.636363636,0.63949126,1,1,0.9999021
0.572390572,0.5720275,1,1,0.99999356
0.922558923,0.92137283,0,0,2.2453453e-06
0.2996633,0.29797858,0,0,7.179146e-07
0.767676768,0.76782745,0,0,5.0235326e-06
0.868686869,0.8685936,0,0,2.9935281e-05
0.878787879,0.87909,0,0,1.9007199e-06
0.898989899,0.8997692,0,0,8.799613e-07
0.760942761,0.7637429,0,0,1.3579876e-06
0.956228956,0.95522606,0,0,1.3279324e-06
0.962962963,0.96256346,0,0,1.5851533e-06
0.95959596,0.9605847,0,0,1.0285827e-06
0.892255892,0.8929001,0,0,1.8732785e-06
0.673400673,0.67413765,0,0,1.661283e-05
0.936026936,0.9367237,1,1,0.9999957
0.976430976,0.97456956,0,0,1.2652117e-06
0.865319865,0.8642765,0,0,1.1856798e-06
0.777777778,0.7786639,1,1,0.9999826
0.713804714,0.7162161,1,1,0.99999785
0.569023569,0.569866,0,0,8.1170816e-07
0.828282828,0.8302659,1,1,0.99997187
0.824915825,0.8268353,0,0,1.04433875e-05
0.824915825,0.8242248,0,0,1.322629e-06
0.808080808,0.8087531,0,0,4.937027e-07
0.505050505,0.5005929,0,0,1.4665377e-06
0.430976431,0.42737916,0,0,3.703013e-06
0.737373737,0.7378203,1,1,0.999992
0.98989899,0.99131674,0,0,9.258386e-06
0.875420875,0.8745444,0,0,7.334471e-06
0.781144781,0.78255475,0,0,2.7749497e-06
0.875420875,0.8713259,1,1,0.99999833
0.902356902,0.90187657,1,1,0.99999833
0.936026936,0.9352127,0,0,1.760145e-06
0.67003367,0.6694073,1,1,0.9710216
0.636363636,0.6392314,0,0,9.96313e-07
0.983164983,0.98319125,1,1,0.99999833
0.936026936,0.9352559,0,0,8.9976436e-07
0.65993266,0.66802555,0,0,1.1587891e-06
0.060606061,0.059729643,1,1,0.9997098
0.875420875,0.87693655,0,0,8.110984e-07
0.912457912,0.91122013,0,0,2.5798305e-05
0.898989899,0.89981306,0,0,7.2760366e-07
0.764309764,0.7651988,0,0,1.057705e-06
0.484848485,0.4942447,1,1,0.9999964
0.569023569,0.56587404,0,0,2.8470358e-05
0.767676768,0.76742184,0,0,8.9583347e-07
0.915824916,0.9157235,0,0,9.0035144e-07
0.781144781,0.7796483,0,0,2.6764967e-05
0.892255892,0.89159584,0,0,3.4779464e-06
0.929292929,0.92915004,0,0,8.198982e-07
0.932659933,0.9347085,0,0,0.00013211969
0.851851852,0.85135627,0,0,1.3774837e-06
0.777777778,0.7776124,0,0,1.0405088e-06
0.686868687,0.68919307,1,1,0.99999213
0.828282828,0.82805294,0,0,1.0551198e-06
0.474747475,0.48118815,0,0,6.5478116e-07
0.508417508,0.50756997,0,0,4.8203574e-06
0.565656566,0.5662298,1,1,0.999997
0.505050505,0.51018494,1,1,0.9999863
0.936026936,0.93529326,1,1,0.9998549
0.986531987,0.98832595,0,0,1.865173e-05
0.538720539,0.5377382,0,0,3.5172454e-06
0.434343434,0.43206847,0,0,2.7691049e-06
0.905723906,0.90796816,0,0,2.569794e-06
0.932659933,0.9341056,0,0,7.8542416e-07
0.801346801,0.8015707,0,0,8.913101e-07
0.939393939,0.93815845,1,1,0.99999666
0.821548822,0.8228764,0,0,9.4436854e-07
0.878787879,0.8769321,1,1,0.9999957
0.373737374,0.37751004,1,1,0.99999654
0.888888889,0.8916741,1,1,0.9999969
0.808080808,0.80895776,0,0,6.128586e-07
0.96969697,0.9685219,1,1,0.9999933
0.96969697,0.9695417,0,0,1.2801379e-06
0.973063973,0.9727552,0,0,9.580042e-07
0.915824916,0.9143562,1,1,0.9999962
0.61952862,0.6173659,0,0,1.9734055e-06
0.515151515,0.5183168,0,0,9.5048046e-05
0.791245791,0.79273117,0,0,1.4167657e-06
0.986531987,0.98586464,1,1,0.99999475
0.915824916,0.9155364,0,0,1.4943562e-06
0.417508418,0.41951892,1,1,0.9999964
0.393939394,0.40090805,1,1,0.99997604
0.939393939,0.93960035,0,0,9.977222e-07
0.68013468,0.67960364,0,0,9.1290383e-07
0.791245791,0.7874591,0,0,1.3370922e-06
0.717171717,0.72092044,1,1,0.9999963
0.195286195,0.19714901,0,0,6.5417908e-06
0.98989899,0.99078166,1,1,0.9999974
0.528619529,0.52713877,0,0,1.5165634e-06
0.367003367,0.36711946,0,0,6.786463e-07
0.946127946,0.94394845,0,0,2.068391e-06
0.851851852,0.8515049,0,0,1.0847754e-06
0.69023569,0.6840316,0,0,7.4870974e-07
0.845117845,0.84656227,0,0,4.9648697e-06
0.939393939,0.936991,0,0,1.0647348e-06
0.747474747,0.7463257,0,0,5.857801e-07
0.932659933,0.93357474,0,0,4.167841e-06
0.797979798,0.7933791,0,0,9.501099e-06
0.518518519,0.5192903,0,0,1.0962244e-06
0.942760943,0.9468475,0,0,2.2811503e-06
0.872053872,0.8681611,1,1,0.99808526
0.949494949,0.9508403,1,1,0.99999344
0.801346801,0.8015696,1,1,0.9999981
0.98989899,0.9907497,0,0,3.0931737e-06
0.929292929,0.93001235,0,0,6.61485e-07
0.986531987,0.9857353,1,1,0.99917406
0.942760943,0.9402971,0,0,1.366609e-06
0.707070707,0.7100189,0,0,1.012523e-06
0.740740741,0.74196374,0,0,8.542366e-07
0.420875421,0.41797894,0,0,6.8734965e-07
0.808080808,0.8099312,0,0,3.0623896e-06
0.865319865,0.8643,0,0,1.1497748e-06
0.976430976,0.9753216,1,1,0.9999969
0.952861953,0.9520674,1,1,0.99440986
0.868686869,0.87040436,0,0,9.914506e-07
0.63973064,0.64108986,0,0,8.252971e-07
0.932659933,0.9322575,1,1,0.999997
0.932659933,0.92922425,0,0,8.816758e-07
0.505050505,0.5003615,0,0,0.00012681235
0.96969697,0.97082126,1,1,0.9999976
0.474747475,0.47489366,0,0,7.940643e-07
0.902356902,0.9016894,0,0,2.4325407e-06
0.838383838,0.840281,0,0,2.497764e-06
0.797979798,0.79764605,0,0,2.0180928e-06
0.521885522,0.52033293,0,0,1.8292421e-06
0.922558923,0.9242235,0,0,1.2733237e-05
0.562289562,0.56002194,1,1,0.9992556
0.572390572,0.57452416,0,0,1.4473276e-06
0.929292929,0.92955637,0,0,1.0045276e-06
0.808080808,0.8048035,0,0,7.700762e-07
0.757575758,0.7574938,0,0,1.1011227e-06
0.875420875,0.875572,1,1,0.9999808
0.801346801,0.80172485,0,0,1.2616724e-05
0.962962963,0.9622778,1,1,0.9999168
0.848484848,0.8473428,0,0,1.3458388e-06
0.875420875,0.87490666,0,0,1.9536258e-06
0.98989899,0.9916724,0,0,9.775085e-07
0.895622896,0.89310324,1,1,0.99998367
0.717171717,0.7165755,1,1,0.99863964
0.932659933,0.93207884,1,1,0.9999981
0.730639731,0.7310472,1,1,0.99999774
0.855218855,0.8535489,0,0,1.0357605e-06
0.848484848,0.8484046,0,0,7.919913e-07
0.451178451,0.45126837,0,0,1.8832593e-06
0.441077441,0.43747717,1,1,0.99999344
0.861952862,0.8616275,1,1,0.9999379
0.845117845,0.84702754,1,1,0.99999416
0.636363636,0.6364624,1,1,0.99999833
0.787878788,0.7889886,0,0,1.1675636e-06
0.912457912,0.91410315,0,0,1.3977996e-06
0.922558923,0.9232906,0,0,8.2477857e-07
0.296296296,0.30069295,0,0,1.7318092e-06
0.983164983,0.98498863,0,0,1.2687459e-06
0.996632997,0.9948361,0,0,1.8207679e-06
0.993265993,0.9927427,1,1,0.9999982
0.518518519,0.5171286,1,1,0.9999968
0.760942761,0.7631957,0,0,1.5304037e-06
0.717171717,0.71689355,1,1,0.9999976
0.757575758,0.76029646,0,0,3.9451115e-06
0.875420875,0.8753564,1,1,0.99990463
0.676767677,0.6742987,0,0,5.720488e-05
0.491582492,0.48768786,1,1,0.99999666
0.383838384,0.38350815,0,0,8.7216466e-07
0.96969697,0.9698711,1,1,0.9999548
0.993265993,0.9944572,0,0,1.4247624e-06
0.811447811,0.8092593,0,0,3.565068e-06
